algorithm_id,instance,run_idx,seed,n_evals_budget,n_evals_actual,n_feasible,n_pareto,hv_quick,igd_plus_quick,best_f1,best_f2,best_f3,n_f1_layers,elapsed_seconds,timestamp_start,timestamp_end,status,pickle_path,git_commit
moead_ws,c208_21,2,3965537421,5000,5040,105,105,95660643.352919,,7.0,2864.8134,20685.6846,4,11.581,2026-04-23T22:30:51,2026-04-23T22:31:02,ok,pickles\moead_ws\c208_21\run02.pkl,ee61198
nsga2,c108_21,18,4038600212,850000,850080,105,105,37459894.872811,,13.0,1625.8394,488.4555,6,1791.465,2026-04-23T22:32:02,2026-04-23T23:01:54,ok,pickles\nsga2\c108_21\run18.pkl,ee61198
nsga2,c108_21,7,987210054,850000,850080,105,105,35193866.940061,,13.0,1569.8724,334.6133,6,1799.676,2026-04-23T22:32:02,2026-04-23T23:02:02,ok,pickles\nsga2\c108_21\run07.pkl,ee61198
nsga2,c109_21,8,4237404381,850000,850080,105,105,62561573.055163,,13.0,1547.1346,45.0425,7,1900.179,2026-04-23T22:32:02,2026-04-23T23:03:43,ok,pickles\nsga2\c109_21\run08.pkl,ee61198
moead_ws,c108_21,30,1495793595,850000,850080,105,105,301107098.092966,,16.0,1677.5635,1616.8676,8,2158.623,2026-04-23T22:32:05,2026-04-23T23:08:04,ok,pickles\moead_ws\c108_21\run30.pkl,ee61198
moead_ws,c108_21,23,1871803177,850000,850080,105,105,134025856.824946,,15.0,1665.6684,5.7886,5,2158.694,2026-04-23T22:32:06,2026-04-23T23:08:04,ok,pickles\moead_ws\c108_21\run23.pkl,ee61198
moead_ws,c109_21,6,2273912548,850000,850080,105,103,233864694.924778,,14.0,1672.7151,102.0929,6,2247.166,2026-04-23T22:32:05,2026-04-23T23:09:33,ok,pickles\moead_ws\c109_21\run06.pkl,ee61198
nsga2,c208_21,12,4196272467,850000,850080,105,105,30373279.468221,,4.0,1070.2078,0.0,4,3152.753,2026-04-23T22:32:02,2026-04-23T23:24:35,ok,pickles\nsga2\c208_21\run12.pkl,ee61198
smsemoa,c208_21,19,86102164,850000,850080,105,40,2763496.078246,,4.0,833.37,0.0,2,3362.427,2026-04-23T22:32:02,2026-04-23T23:28:05,ok,pickles\smsemoa\c208_21\run19.pkl,ee61198
smsemoa,c108_21,19,3301886053,850000,850080,105,105,65009370.747781,,13.0,1657.2528,175.8837,9,1839.873,2026-04-23T23:08:04,2026-04-23T23:38:44,ok,pickles\smsemoa\c108_21\run19.pkl,ee61198
moead_ws,c108_21,13,3619284909,850000,850080,105,100,89312216.17507,,13.0,1777.5991,938.1172,6,2211.986,2026-04-23T23:02:04,2026-04-23T23:38:56,ok,pickles\moead_ws\c108_21\run13.pkl,ee61198
nsga2,c109_21,10,1302853696,850000,850080,105,105,75696538.222164,,12.0,1699.3535,112.7383,8,1914.279,2026-04-23T23:09:33,2026-04-23T23:41:27,ok,pickles\nsga2\c109_21\run10.pkl,ee61198
smsemoa,c208_21,29,4278035430,850000,850080,105,105,31913693.174352,,4.0,918.9056,0.0,4,3181.852,2026-04-23T23:03:43,2026-04-23T23:56:45,ok,pickles\smsemoa\c208_21\run29.pkl,ee61198
moead_ws,c208_21,28,1288965157,850000,850080,105,105,307276487.233334,,5.0,1228.0581,1697.7144,4,3322.696,2026-04-23T23:01:56,2026-04-23T23:57:19,ok,pickles\moead_ws\c208_21\run28.pkl,ee61198
smsemoa,c208_21,10,3800093358,850000,850080,105,105,32407419.366075,,4.0,982.2704,0.0,4,3092.844,2026-04-23T23:08:04,2026-04-23T23:59:37,ok,pickles\smsemoa\c208_21\run10.pkl,ee61198
moead_ws,c108_21,16,1816280476,850000,850080,105,90,97518654.193647,,15.0,1641.915,215.8842,5,2198.05,2026-04-23T23:24:37,2026-04-24T00:01:15,ok,pickles\moead_ws\c108_21\run16.pkl,ee61198
moead_ws,c108_21,3,304681499,850000,850080,105,98,123324180.055874,,14.0,1541.376,839.4138,6,2203.826,2026-04-23T23:28:07,2026-04-24T00:04:51,ok,pickles\moead_ws\c108_21\run03.pkl,ee61198
nsga2,c108_21,13,3750429224,850000,850080,105,105,121754944.853855,,13.0,1722.2666,82.5075,10,1785.656,2026-04-23T23:38:56,2026-04-24T00:08:42,ok,pickles\nsga2\c108_21\run13.pkl,ee61198
smsemoa,c109_21,19,2036485252,850000,850080,105,105,27585939.752196,,12.0,1527.8746,91.4419,7,1905.46,2026-04-23T23:41:27,2026-04-24T00:13:13,ok,pickles\smsemoa\c109_21\run19.pkl,ee61198
moead_ws,c208_21,19,2926173857,850000,850080,105,94,259884788.457585,,5.0,1029.926,805.2193,3,3470.517,2026-04-23T23:38:46,2026-04-24T00:36:37,ok,pickles\moead_ws\c208_21\run19.pkl,ee61198
smsemoa,c109_21,14,3207583705,850000,850080,105,105,27882222.515223,,12.0,1586.45,231.3012,7,1918.372,2026-04-24T00:04:51,2026-04-24T00:36:50,ok,pickles\smsemoa\c109_21\run14.pkl,ee61198
moead_ws,c109_21,8,3170939237,850000,850080,105,95,68393711.97818,,13.0,1567.651,1117.8531,5,2326.791,2026-04-23T23:59:39,2026-04-24T00:38:26,ok,pickles\moead_ws\c109_21\run08.pkl,ee61198
moead_ws,c109_21,19,4226573563,850000,850080,105,91,164127041.572432,,14.0,1712.9883,181.5376,7,2253.426,2026-04-24T00:01:17,2026-04-24T00:38:50,ok,pickles\moead_ws\c109_21\run19.pkl,ee61198
smsemoa,c108_21,9,2257643132,850000,850080,105,105,77463114.438447,,13.0,1588.054,186.8882,9,1856.954,2026-04-24T00:13:13,2026-04-24T00:44:10,ok,pickles\smsemoa\c108_21\run09.pkl,ee61198
smsemoa,c208_21,8,4262243057,850000,850080,105,105,26774100.778732,,4.0,1100.688,794.8444,4,3201.032,2026-04-23T23:56:45,2026-04-24T00:50:06,ok,pickles\smsemoa\c208_21\run08.pkl,ee61198
smsemoa,c208_21,14,1184336611,850000,850080,105,105,23061666.979562,,4.0,960.4373,0.0,4,3325.924,2026-04-23T23:57:19,2026-04-24T00:52:45,ok,pickles\smsemoa\c208_21\run14.pkl,ee61198
smsemoa,c208_21,15,2485674771,850000,850080,105,105,65643483.528247,,4.0,1087.934,0.0,4,3066.476,2026-04-24T00:08:42,2026-04-24T00:59:49,ok,pickles\smsemoa\c208_21\run15.pkl,ee61198
smsemoa,c108_21,18,3673720113,850000,850080,105,105,71879543.576621,,12.0,1658.1098,235.211,8,1845.394,2026-04-24T00:36:37,2026-04-24T01:07:22,ok,pickles\smsemoa\c108_21\run18.pkl,ee61198
smsemoa,c108_21,27,643030665,850000,850080,105,105,46809087.903128,,12.0,1592.0753,64.7536,8,1837.3,2026-04-24T00:44:10,2026-04-24T01:14:48,ok,pickles\smsemoa\c108_21\run27.pkl,ee61198
moead_ws,c108_21,28,3502070128,850000,850080,105,97,132366012.441798,,14.0,1790.9481,189.014,6,2207.634,2026-04-24T00:38:52,2026-04-24T01:15:40,ok,pickles\moead_ws\c108_21\run28.pkl,ee61198
smsemoa,c109_21,26,1449965316,850000,850080,105,105,38153529.573608,,13.0,1509.293,430.4371,6,1967.472,2026-04-24T00:50:06,2026-04-24T01:22:54,ok,pickles\smsemoa\c109_21\run26.pkl,ee61198
smsemoa,c109_21,11,3633814982,850000,850080,105,105,16989250.449662,,12.0,1398.8106,26.784,5,1944.112,2026-04-24T00:52:45,2026-04-24T01:25:09,ok,pickles\smsemoa\c109_21\run11.pkl,ee61198
nsga2,c108_21,10,572295729,850000,850080,105,105,69610227.89531,,13.0,1591.5984,78.2374,7,1772.986,2026-04-24T00:59:49,2026-04-24T01:29:22,ok,pickles\nsga2\c108_21\run10.pkl,ee61198
nsga2,c208_21,6,3665364821,850000,850080,105,105,58481132.20244,,4.0,1124.9642,2.8936,4,3250.779,2026-04-24T00:38:26,2026-04-24T01:32:37,ok,pickles\nsga2\c208_21\run06.pkl,ee61198
moead_ws,c208_21,26,1428736958,850000,850080,105,97,75416057.31457,,5.0,989.3211,2242.0417,4,3711.581,2026-04-24T00:36:51,2026-04-24T01:38:43,ok,pickles\moead_ws\c208_21\run26.pkl,ee61198
nsga2,c109_21,24,1664756499,850000,850080,105,105,58196097.499933,,12.0,1634.9132,201.6867,7,1887.16,2026-04-24T01:07:22,2026-04-24T01:38:50,ok,pickles\nsga2\c109_21\run24.pkl,ee61198
moead_ws,c108_21,22,3809348478,850000,850080,105,99,244672670.339094,,13.0,1845.7688,550.654,7,2209.169,2026-04-24T01:15:42,2026-04-24T01:52:31,ok,pickles\moead_ws\c108_21\run22.pkl,ee61198
nsga2,c108_21,12,1646133776,850000,850080,105,105,89248707.30985,,13.0,1576.774,58.1788,9,1808.943,2026-04-24T01:22:54,2026-04-24T01:53:03,ok,pickles\nsga2\c108_21\run12.pkl,ee61198
smsemoa,c109_21,9,1691875827,850000,850080,105,105,35595178.985364,,12.0,1564.7204,63.9327,7,1928.382,2026-04-24T01:25:09,2026-04-24T01:57:18,ok,pickles\smsemoa\c109_21\run09.pkl,ee61198
moead_ws,c108_21,7,3272204666,850000,850080,105,88,222041959.117864,,14.0,1814.425,710.7468,7,2170.604,2026-04-24T01:29:23,2026-04-24T02:05:34,ok,pickles\moead_ws\c108_21\run07.pkl,ee61198
nsga2,c208_21,18,2712448014,850000,850080,105,105,29834752.26775,,4.0,924.2634,0.0,4,3413.768,2026-04-24T01:14:48,2026-04-24T02:11:41,ok,pickles\nsga2\c208_21\run18.pkl,ee61198
nsga2,c109_21,11,502328214,850000,850080,105,105,86869001.270801,,13.0,1730.0513,442.74,8,1856.646,2026-04-24T01:52:31,2026-04-24T02:23:28,ok,pickles\nsga2\c109_21\run11.pkl,ee61198
nsga2,c109_21,23,645958890,850000,850080,105,105,45698216.369881,,13.0,1531.7395,119.2596,6,1841.257,2026-04-24T01:53:03,2026-04-24T02:23:44,ok,pickles\nsga2\c109_21\run23.pkl,ee61198
moead_ws,c208_21,14,3577819045,850000,850080,105,104,72016183.271498,,5.0,1042.7748,524.4625,3,3524.081,2026-04-24T01:32:39,2026-04-24T02:31:23,ok,pickles\moead_ws\c208_21\run14.pkl,ee61198
moead_ws,c208_21,25,775659426,850000,850080,105,98,159977745.082938,,5.0,1175.1018,1506.5867,4,3248.562,2026-04-24T01:38:51,2026-04-24T02:33:00,ok,pickles\moead_ws\c208_21\run25.pkl,ee61198
moead_ws,c208_21,24,3100431329,850000,850080,105,99,68428438.32636,,6.0,1126.2768,138.3534,3,3456.202,2026-04-24T01:38:45,2026-04-24T02:36:21,ok,pickles\moead_ws\c208_21\run24.pkl,ee61198
nsga2,c108_21,8,717219475,850000,850080,105,105,97468362.355701,,12.0,1674.9219,261.0355,8,1848.748,2026-04-24T02:11:41,2026-04-24T02:42:30,ok,pickles\nsga2\c108_21\run08.pkl,ee61198
smsemoa,c108_21,20,2938004918,850000,850080,105,105,53034918.514755,,12.0,1603.707,257.3265,7,1852.26,2026-04-24T02:23:44,2026-04-24T02:54:37,ok,pickles\smsemoa\c108_21\run20.pkl,ee61198
nsga2,c208_21,20,3339229581,850000,850080,105,105,48603278.004135,,5.0,1015.5908,0.0,4,2950.519,2026-04-24T02:05:34,2026-04-24T02:54:45,ok,pickles\nsga2\c208_21\run20.pkl,ee61198
moead_ws,c208_21,6,509948147,850000,850080,105,89,99735522.04811,,5.0,1141.1796,1359.8546,4,3514.341,2026-04-24T01:57:19,2026-04-24T02:55:54,ok,pickles\moead_ws\c208_21\run06.pkl,ee61198
moead_ws,c108_21,19,2340139751,850000,850080,105,103,157318112.098389,,15.0,1772.1089,743.2725,7,2207.297,2026-04-24T02:23:29,2026-04-24T03:00:17,ok,pickles\moead_ws\c108_21\run19.pkl,ee61198
smsemoa,c109_21,16,1688832449,850000,850080,105,105,24203730.081857,,13.0,1426.7581,418.9206,6,1900.467,2026-04-24T02:31:23,2026-04-24T03:03:04,ok,pickles\smsemoa\c109_21\run16.pkl,ee61198
smsemoa,c108_21,2,2581171862,850000,850080,105,105,16068764.857804,,13.0,1516.6925,0.1763,4,1847.355,2026-04-24T02:54:37,2026-04-24T03:25:24,ok,pickles\smsemoa\c108_21\run02.pkl,ee61198
nsga2,c208_21,23,2283199305,850000,850080,105,105,67815574.054858,,4.0,907.3453,0.0,5,3262.3,2026-04-24T02:33:00,2026-04-24T03:27:22,ok,pickles\nsga2\c208_21\run23.pkl,ee61198
smsemoa,c109_21,23,1696118193,850000,850080,105,105,34366859.517034,,11.0,1328.0472,3.198,7,1932.769,2026-04-24T02:55:54,2026-04-24T03:28:07,ok,pickles\smsemoa\c109_21\run23.pkl,ee61198
nsga2,c208_21,3,1778264890,850000,850080,105,105,23548465.77389,,5.0,1012.4173,10.6977,2,3206.608,2026-04-24T02:36:21,2026-04-24T03:29:48,ok,pickles\nsga2\c208_21\run03.pkl,ee61198
smsemoa,c108_21,29,134399928,850000,850080,105,105,88447684.243017,,13.0,1556.0463,0.0,9,1871.622,2026-04-24T03:03:04,2026-04-24T03:34:16,ok,pickles\smsemoa\c108_21\run29.pkl,ee61198
moead_ws,c208_21,15,2978359199,850000,850080,105,103,70960350.151059,,5.0,1054.2058,665.2611,3,3276.674,2026-04-24T02:42:32,2026-04-24T03:37:09,ok,pickles\moead_ws\c208_21\run15.pkl,ee61198
smsemoa,c208_21,23,2554715924,850000,850080,105,105,89197597.025895,,4.0,1096.125,17.0272,4,3208.024,2026-04-24T02:54:45,2026-04-24T03:48:13,ok,pickles\smsemoa\c208_21\run23.pkl,ee61198
smsemoa,c208_21,28,397987787,850000,850080,105,105,41712181.653061,,5.0,1079.8807,502.1413,3,2971.035,2026-04-24T03:00:17,2026-04-24T03:49:48,ok,pickles\smsemoa\c208_21\run28.pkl,ee61198
moead_ws,c109_21,30,1044651031,850000,850080,105,95,73180529.476531,,13.0,1739.3596,664.5897,5,2268.596,2026-04-24T03:27:24,2026-04-24T04:05:13,ok,pickles\moead_ws\c109_21\run30.pkl,ee61198
moead_ws,c109_21,27,2697697183,850000,850080,105,91,68702638.015311,,14.0,1613.8783,0.0,4,2235.091,2026-04-24T03:28:08,2026-04-24T04:05:23,ok,pickles\moead_ws\c109_21\run27.pkl,ee61198
smsemoa,c109_21,7,3380462473,850000,850080,105,105,17409581.048552,,13.0,1494.7261,172.1764,6,1931.625,2026-04-24T03:37:09,2026-04-24T04:09:21,ok,pickles\smsemoa\c109_21\run07.pkl,ee61198
nsga2,c109_21,25,3498857942,850000,850080,105,105,35887430.415614,,12.0,1579.2865,311.0188,7,1871.769,2026-04-24T03:49:48,2026-04-24T04:21:00,ok,pickles\nsga2\c109_21\run25.pkl,ee61198
smsemoa,c109_21,25,4071678338,850000,850080,105,105,37178308.311487,,12.0,1612.5321,81.1205,6,1974.98,2026-04-24T03:48:13,2026-04-24T04:21:08,ok,pickles\smsemoa\c109_21\run25.pkl,ee61198
nsga2,c208_21,28,293093520,850000,850080,105,105,35235326.265378,,4.0,1010.7593,0.0,4,3120.57,2026-04-24T03:29:48,2026-04-24T04:21:49,ok,pickles\nsga2\c208_21\run28.pkl,ee61198
moead_ws,c208_21,10,3578794121,850000,850080,105,99,61890278.643326,,5.0,1200.7199,7616.2797,3,3634.872,2026-04-24T03:25:26,2026-04-24T04:26:01,ok,pickles\moead_ws\c208_21\run10.pkl,ee61198
moead_ws,c208_21,11,1734828115,850000,850080,105,96,145246574.126054,,6.0,1430.3483,2382.0258,3,3327.222,2026-04-24T03:34:17,2026-04-24T04:29:45,ok,pickles\moead_ws\c208_21\run11.pkl,ee61198
moead_ws,c108_21,10,2446787552,850000,850080,105,92,220061519.481447,,13.0,1810.5557,1114.8536,8,2295.145,2026-04-24T04:05:14,2026-04-24T04:43:30,ok,pickles\moead_ws\c108_21\run10.pkl,ee61198
moead_ws,c109_21,18,3143781069,850000,850080,105,102,254041459.793061,,13.0,1609.6421,282.9397,6,2297.904,2026-04-24T04:05:25,2026-04-24T04:43:43,ok,pickles\moead_ws\c109_21\run18.pkl,ee61198
nsga2,c109_21,14,3298164210,850000,850080,105,105,38807313.74773,,13.0,1751.8029,342.1906,5,1852.785,2026-04-24T04:21:49,2026-04-24T04:52:42,ok,pickles\nsga2\c109_21\run14.pkl,ee61198
moead_ws,c109_21,2,4073838761,850000,850080,105,100,54115832.75005,,14.0,1621.0348,85.7607,3,2244.249,2026-04-24T04:21:02,2026-04-24T04:58:26,ok,pickles\moead_ws\c109_21\run02.pkl,ee61198
nsga2,c208_21,17,4059436825,850000,850080,105,105,32635331.033431,,5.0,1096.6177,0.0,3,3028.539,2026-04-24T04:09:21,2026-04-24T04:59:49,ok,pickles\nsga2\c208_21\run17.pkl,ee61198
smsemoa,c109_21,17,631238249,850000,850080,105,105,25235193.078062,,13.0,1487.271,154.2119,7,1957.592,2026-04-24T04:29:45,2026-04-24T05:02:22,ok,pickles\smsemoa\c109_21\run17.pkl,ee61198
moead_ws,c108_21,9,597441577,850000,850080,105,99,241225114.508845,,13.0,1678.474,2118.2859,8,2243.174,2026-04-24T04:26:02,2026-04-24T05:03:26,ok,pickles\moead_ws\c108_21\run09.pkl,ee61198
nsga2,c109_21,5,1516325434,850000,850080,105,105,69226557.889713,,12.0,1577.0776,81.7148,7,1860.95,2026-04-24T04:43:43,2026-04-24T05:14:44,ok,pickles\nsga2\c109_21\run05.pkl,ee61198
moead_ws,c208_21,13,3947745251,850000,850080,105,99,129388989.246094,,5.0,1182.6937,87.9344,3,3293.973,2026-04-24T04:21:10,2026-04-24T05:16:04,ok,pickles\moead_ws\c208_21\run13.pkl,ee61198
nsga2,c208_21,1,3742214799,850000,850080,105,105,14825033.838629,,4.0,875.964,0.0,3,3262.843,2026-04-24T04:43:30,2026-04-24T05:37:53,ok,pickles\nsga2\c208_21\run01.pkl,ee61198
nsga2,c108_21,29,3545735788,850000,850080,105,105,108180571.334704,,12.0,1556.0351,141.7721,10,1793.147,2026-04-24T05:14:44,2026-04-24T05:44:38,ok,pickles\nsga2\c108_21\run29.pkl,ee61198
moead_ws,c208_21,8,4167608844,850000,850080,105,93,182012807.673432,,6.0,1132.5323,516.6262,3,3143.149,2026-04-24T04:52:43,2026-04-24T05:45:06,ok,pickles\moead_ws\c208_21\run08.pkl,ee61198
nsga2,c109_21,17,1053744053,850000,850080,105,105,12147625.591812,,12.0,1277.633,0.0,5,1810.495,2026-04-24T05:16:04,2026-04-24T05:46:14,ok,pickles\nsga2\c109_21\run17.pkl,ee61198
nsga2,c208_21,19,3216053716,850000,850080,105,105,13828036.045906,,5.0,1048.2037,0.0,3,3014.416,2026-04-24T05:02:22,2026-04-24T05:52:37,ok,pickles\nsga2\c208_21\run19.pkl,ee61198
moead_ws,c208_21,12,3710096852,850000,850080,105,102,108859791.794075,,5.0,1163.5236,2675.037,3,3544.263,2026-04-24T04:58:28,2026-04-24T05:57:32,ok,pickles\moead_ws\c208_21\run12.pkl,ee61198
moead_ws,c208_21,27,1529470259,850000,850080,105,97,120190081.557848,,5.0,1260.8494,2414.7485,4,3499.073,2026-04-24T04:59:51,2026-04-24T05:58:10,ok,pickles\moead_ws\c208_21\run27.pkl,ee61198
moead_ws,c208_21,23,4158790342,850000,850080,105,104,159701401.252506,,5.0,936.4139,3261.4208,4,3418.545,2026-04-24T05:03:27,2026-04-24T06:00:26,ok,pickles\moead_ws\c208_21\run23.pkl,ee61198
smsemoa,c109_21,22,1692658693,850000,850080,102,102,35317988.245998,,12.0,1527.8263,147.3604,6,1990.543,2026-04-24T05:37:53,2026-04-24T06:11:03,ok,pickles\smsemoa\c109_21\run22.pkl,ee61198
smsemoa,c109_21,4,3381684330,850000,850080,105,105,29224457.870889,,12.0,1615.5454,599.0757,7,1959.521,2026-04-24T05:45:06,2026-04-24T06:17:46,ok,pickles\smsemoa\c109_21\run04.pkl,ee61198
nsga2,c109_21,19,2681475630,850000,850080,105,105,46907520.092979,,13.0,1724.5241,83.5742,6,1854.742,2026-04-24T05:52:37,2026-04-24T06:23:32,ok,pickles\nsga2\c109_21\run19.pkl,ee61198
nsga2,c108_21,30,760013075,850000,850080,105,105,102575741.318541,,13.0,1753.1559,719.3616,8,1831.018,2026-04-24T06:00:26,2026-04-24T06:30:57,ok,pickles\nsga2\c108_21\run30.pkl,ee61198
nsga2,c208_21,10,669003802,850000,850080,105,105,42649406.291906,,5.0,1076.9423,0.0,3,3048.912,2026-04-24T05:44:38,2026-04-24T06:35:27,ok,pickles\nsga2\c208_21\run10.pkl,ee61198
smsemoa,c208_21,13,1341148843,850000,850080,105,105,35842430.370035,,4.0,900.0245,0.0,4,3038.549,2026-04-24T05:57:32,2026-04-24T06:48:11,ok,pickles\smsemoa\c208_21\run13.pkl,ee61198
nsga2,c109_21,18,2394302273,850000,850080,105,105,39275691.611769,,12.0,1661.1988,310.1642,6,1868.001,2026-04-24T06:17:46,2026-04-24T06:48:54,ok,pickles\nsga2\c109_21\run18.pkl,ee61198
moead_ws,c208_21,7,943285859,850000,850080,105,102,220149294.251315,,5.0,979.4076,7493.5722,3,3877.697,2026-04-24T05:46:16,2026-04-24T06:50:54,ok,pickles\moead_ws\c208_21\run07.pkl,ee61198
smsemoa,c208_21,20,1121678884,850000,850080,105,105,19258013.475368,,4.0,1049.7759,0.0,3,3237.392,2026-04-24T05:58:10,2026-04-24T06:52:08,ok,pickles\smsemoa\c208_21\run20.pkl,ee61198
nsga2,c109_21,3,852809292,850000,850080,105,105,81566449.811716,,12.0,1745.3086,19.1521,9,1857.633,2026-04-24T06:23:32,2026-04-24T06:54:29,ok,pickles\nsga2\c109_21\run03.pkl,ee61198
nsga2,c208_21,9,4135660694,850000,850080,105,105,32015261.617788,,5.0,974.2592,0.0,3,3060.707,2026-04-24T06:11:03,2026-04-24T07:02:04,ok,pickles\nsga2\c208_21\run09.pkl,ee61198
nsga2,c109_21,4,3514467386,850000,850080,105,105,83360184.701965,,13.0,1714.7257,102.3805,6,1882.843,2026-04-24T06:30:57,2026-04-24T07:02:20,ok,pickles\nsga2\c109_21\run04.pkl,ee61198
smsemoa,c108_21,12,2665047416,850000,850080,105,105,81716433.394736,,13.0,1557.5821,381.538,8,1818.201,2026-04-24T06:35:27,2026-04-24T07:05:45,ok,pickles\smsemoa\c108_21\run12.pkl,ee61198
nsga2,c109_21,26,2030947780,850000,850080,105,105,28590762.551858,,13.0,1613.0908,30.1959,5,1877.137,2026-04-24T06:48:11,2026-04-24T07:19:28,ok,pickles\nsga2\c109_21\run26.pkl,ee61198
nsga2,c109_21,20,3642755524,850000,850080,105,105,37407376.483429,,13.0,1685.8399,13.9097,6,1914.707,2026-04-24T06:48:54,2026-04-24T07:20:49,ok,pickles\nsga2\c109_21\run20.pkl,ee61198
moead_ws,c108_21,4,2339232934,850000,850080,105,97,103246418.455037,,14.0,1556.9433,512.36,7,2159.215,2026-04-24T06:52:09,2026-04-24T07:28:09,ok,pickles\moead_ws\c108_21\run04.pkl,ee61198
smsemoa,c108_21,21,2527583185,850000,850080,105,105,96860062.303308,,13.0,1570.7155,528.7477,9,1901.562,2026-04-24T07:02:20,2026-04-24T07:34:02,ok,pickles\smsemoa\c108_21\run21.pkl,ee61198
moead_ws,c109_21,3,586746034,850000,850080,105,98,145730227.029314,,13.0,1654.6018,1207.0344,7,2344.761,2026-04-24T07:05:47,2026-04-24T07:44:52,ok,pickles\moead_ws\c109_21\run03.pkl,ee61198
moead_ws,c208_21,29,852672801,850000,850080,105,91,28402487.907488,,5.0,1068.6161,239.5303,3,3241.578,2026-04-24T06:50:55,2026-04-24T07:44:57,ok,pickles\moead_ws\c208_21\run29.pkl,ee61198
smsemoa,c208_21,6,2551822200,850000,850080,105,74,17964749.326053,,5.0,923.4824,0.0,3,3320.3,2026-04-24T06:54:29,2026-04-24T07:49:50,ok,pickles\smsemoa\c208_21\run06.pkl,ee61198
smsemoa,c108_21,15,1486204335,850000,850080,105,105,51977507.759573,,14.0,1680.6687,462.2738,6,1853.803,2026-04-24T07:20:49,2026-04-24T07:51:43,ok,pickles\smsemoa\c108_21\run15.pkl,ee61198
smsemoa,c109_21,15,3125293233,850000,850080,105,105,30855200.64181,,12.0,1648.2885,182.3417,7,1952.526,2026-04-24T07:19:28,2026-04-24T07:52:01,ok,pickles\smsemoa\c109_21\run15.pkl,ee61198
moead_ws,c208_21,21,259115683,850000,850080,105,105,151219529.883446,,5.0,1195.1644,4549.8671,2,3709.416,2026-04-24T07:02:06,2026-04-24T08:03:55,ok,pickles\moead_ws\c208_21\run21.pkl,ee61198
smsemoa,c108_21,26,626314207,850000,850080,105,105,154210986.433085,,12.0,1772.2296,402.9133,10,1875.633,2026-04-24T07:44:57,2026-04-24T08:16:13,ok,pickles\smsemoa\c108_21\run26.pkl,ee61198
nsga2,c109_21,16,918344446,850000,850080,105,105,35051505.321188,,12.0,1509.5448,60.154,7,1888.273,2026-04-24T07:44:52,2026-04-24T08:16:20,ok,pickles\nsga2\c109_21\run16.pkl,ee61198
smsemoa,c208_21,11,3899550427,850000,850080,105,99,28302814.900758,,5.0,959.1926,0.0,3,3075.774,2026-04-24T07:28:09,2026-04-24T08:19:25,ok,pickles\smsemoa\c208_21\run11.pkl,ee61198
smsemoa,c108_21,17,2566030424,850000,850080,105,105,29554169.223312,,13.0,1495.6586,465.2271,5,1828.61,2026-04-24T07:49:50,2026-04-24T08:20:19,ok,pickles\smsemoa\c108_21\run17.pkl,ee61198
smsemoa,c208_21,3,2352962900,850000,850080,105,105,59664117.085323,,5.0,1071.6633,0.0,4,3066.733,2026-04-24T07:34:02,2026-04-24T08:25:09,ok,pickles\smsemoa\c208_21\run03.pkl,ee61198
moead_ws,c109_21,28,3187291286,850000,850080,105,101,106150387.986144,,12.0,1523.2857,368.2055,7,2296.017,2026-04-24T07:51:45,2026-04-24T08:30:01,ok,pickles\moead_ws\c109_21\run28.pkl,ee61198
moead_ws,c109_21,21,1407488827,850000,850080,105,91,244415492.16722,,14.0,1687.8635,542.2385,5,2372.554,2026-04-24T07:52:02,2026-04-24T08:31:35,ok,pickles\moead_ws\c109_21\run21.pkl,ee61198
smsemoa,c109_21,28,4081502796,850000,850080,105,105,27494003.532927,,11.0,1433.0986,128.2153,6,1939.523,2026-04-24T08:16:13,2026-04-24T08:48:33,ok,pickles\smsemoa\c109_21\run28.pkl,ee61198
smsemoa,c108_21,6,1555481971,850000,850080,105,105,67643177.952294,,13.0,1646.0665,257.1486,7,1840.209,2026-04-24T08:19:25,2026-04-24T08:50:05,ok,pickles\smsemoa\c108_21\run06.pkl,ee61198
nsga2,c108_21,26,3011341610,850000,850080,105,105,72017663.11272,,13.0,1638.2066,123.2999,7,1788.902,2026-04-24T08:20:19,2026-04-24T08:50:08,ok,pickles\nsga2\c108_21\run26.pkl,ee61198
nsga2,c208_21,2,81212274,850000,850080,105,105,114467578.396266,,4.0,956.4754,0.0,6,3252.284,2026-04-24T08:03:55,2026-04-24T08:58:08,ok,pickles\nsga2\c208_21\run02.pkl,ee61198
moead_ws,c108_21,17,169140387,850000,850080,105,95,392593180.720485,,15.0,1689.8582,456.5743,6,2139.165,2026-04-24T08:25:10,2026-04-24T09:00:50,ok,pickles\moead_ws\c108_21\run17.pkl,ee61198
moead_ws,c108_21,24,3493503682,850000,850080,105,100,67734045.635835,,14.0,1747.1689,433.7486,4,2210.936,2026-04-24T08:31:37,2026-04-24T09:08:28,ok,pickles\moead_ws\c108_21\run24.pkl,ee61198
moead_ws,c109_21,7,509318733,850000,850080,105,104,68275304.764481,,14.0,1657.9413,392.4328,4,2367.772,2026-04-24T08:30:02,2026-04-24T09:09:31,ok,pickles\moead_ws\c109_21\run07.pkl,ee61198
nsga2,c208_21,16,3320319106,850000,850080,105,105,25193387.418138,,4.0,1077.8577,103.1379,3,3329.692,2026-04-24T08:16:20,2026-04-24T09:11:50,ok,pickles\nsga2\c208_21\run16.pkl,ee61198
smsemoa,c109_21,1,2183978149,850000,850080,105,105,24611605.818217,,11.0,1466.5332,86.3391,6,1926.101,2026-04-24T08:48:33,2026-04-24T09:20:39,ok,pickles\smsemoa\c109_21\run01.pkl,ee61198
moead_ws,c108_21,1,375368232,850000,850080,105,101,381542417.607554,,14.0,1862.1208,827.9787,7,2219.011,2026-04-24T08:50:07,2026-04-24T09:27:06,ok,pickles\moead_ws\c108_21\run01.pkl,ee61198
smsemoa,c109_21,30,95960535,850000,850080,105,105,64832289.040153,,11.0,1421.4184,150.976,8,1978.999,2026-04-24T08:58:08,2026-04-24T09:31:07,ok,pickles\smsemoa\c109_21\run30.pkl,ee61198
moead_ws,c108_21,26,3114621032,850000,850080,105,101,296214031.927991,,14.0,1720.6167,431.7619,8,2128.069,2026-04-24T09:00:52,2026-04-24T09:36:20,ok,pickles\moead_ws\c108_21\run26.pkl,ee61198
moead_ws,c208_21,3,1178477124,850000,850080,105,99,84131884.150678,,4.0,1150.9177,0.0,4,3247.863,2026-04-24T08:50:10,2026-04-24T09:44:18,ok,pickles\moead_ws\c208_21\run03.pkl,ee61198
moead_ws,c109_21,15,504105847,850000,850080,105,100,63377029.274879,,12.0,1521.3295,161.5837,5,2232.568,2026-04-24T09:08:30,2026-04-24T09:45:43,ok,pickles\moead_ws\c109_21\run15.pkl,ee61198
moead_ws,c108_21,5,627282694,850000,850080,105,98,109982327.709558,,13.0,1625.0459,1108.5626,7,2203.41,2026-04-24T09:09:32,2026-04-24T09:46:16,ok,pickles\moead_ws\c108_21\run05.pkl,ee61198
smsemoa,c108_21,14,1367992622,850000,850080,105,105,73597105.843217,,12.0,1393.5803,136.0196,8,1876.078,2026-04-24T09:20:39,2026-04-24T09:51:55,ok,pickles\smsemoa\c108_21\run14.pkl,ee61198
smsemoa,c109_21,5,488903644,850000,850080,105,105,53538433.833002,,13.0,1614.0526,447.6706,7,1942.168,2026-04-24T09:27:06,2026-04-24T09:59:28,ok,pickles\smsemoa\c109_21\run05.pkl,ee61198
nsga2,c208_21,22,722659323,850000,850080,105,105,20650822.708214,,4.0,1020.027,428.9949,3,3300.915,2026-04-24T09:11:50,2026-04-24T10:06:51,ok,pickles\nsga2\c208_21\run22.pkl,ee61198
moead_ws,c108_21,14,2036579029,850000,850080,105,94,59664473.802689,,14.0,1741.4852,2802.9341,4,2250.403,2026-04-24T09:36:21,2026-04-24T10:13:52,ok,pickles\moead_ws\c108_21\run14.pkl,ee61198
smsemoa,c108_21,22,3991951397,850000,850080,105,105,73593293.925521,,13.0,1508.2107,279.2201,7,1840.099,2026-04-24T09:46:16,2026-04-24T10:16:56,ok,pickles\smsemoa\c108_21\run22.pkl,ee61198
moead_ws,c108_21,2,4113301600,850000,850080,105,101,89791290.110405,,14.0,1605.0875,2599.8188,7,2220.777,2026-04-24T09:44:20,2026-04-24T10:21:21,ok,pickles\moead_ws\c108_21\run02.pkl,ee61198
nsga2,c208_21,27,3467965229,850000,850080,105,105,21613167.675522,,5.0,1082.9897,0.0,3,3021.685,2026-04-24T09:31:07,2026-04-24T10:21:29,ok,pickles\nsga2\c208_21\run27.pkl,ee61198
moead_ws,c108_21,12,951728661,850000,850080,105,95,343679858.288081,,16.0,1722.4767,530.5856,6,2187.196,2026-04-24T09:45:44,2026-04-24T10:22:12,ok,pickles\moead_ws\c108_21\run12.pkl,ee61198
moead_ws,c108_21,18,3274032636,850000,850080,105,104,71255897.328156,,14.0,1760.1255,1380.9483,5,2221.271,2026-04-24T09:51:57,2026-04-24T10:28:58,ok,pickles\moead_ws\c108_21\run18.pkl,ee61198
moead_ws,c109_21,25,3800214549,850000,850080,105,100,189285591.362491,,14.0,1764.578,966.7792,6,2324.169,2026-04-24T09:59:30,2026-04-24T10:38:14,ok,pickles\moead_ws\c109_21\run25.pkl,ee61198
moead_ws,c109_21,1,559874602,850000,850080,105,104,121413946.378855,,15.0,1828.5291,736.9355,5,2268.254,2026-04-24T10:06:53,2026-04-24T10:44:41,ok,pickles\moead_ws\c109_21\run01.pkl,ee61198
smsemoa,c108_21,3,4095807010,850000,850080,105,105,55080426.861884,,13.0,1608.7064,170.2773,7,1840.355,2026-04-24T10:16:56,2026-04-24T10:47:36,ok,pickles\smsemoa\c108_21\run03.pkl,ee61198
nsga2,c108_21,21,2906337420,850000,850080,105,105,99236381.00438,,12.0,1568.4721,237.8319,9,1809.525,2026-04-24T10:21:21,2026-04-24T10:51:30,ok,pickles\nsga2\c108_21\run21.pkl,ee61198
smsemoa,c108_21,8,396808083,850000,850080,105,105,66093580.611036,,14.0,1671.8163,198.8171,7,1868.367,2026-04-24T10:22:12,2026-04-24T10:53:20,ok,pickles\smsemoa\c108_21\run08.pkl,ee61198
smsemoa,c109_21,20,2947064370,850000,850080,105,105,55289205.124217,,12.0,1423.7961,0.0,8,1931.13,2026-04-24T10:21:29,2026-04-24T10:53:40,ok,pickles\smsemoa\c109_21\run20.pkl,ee61198
smsemoa,c108_21,4,233171968,850000,850080,105,105,45092552.350482,,12.0,1439.4917,646.9025,6,1843.001,2026-04-24T10:28:58,2026-04-24T10:59:42,ok,pickles\smsemoa\c108_21\run04.pkl,ee61198
nsga2,c108_21,5,2625731707,850000,850080,105,105,29880084.112323,,14.0,1744.7209,908.5223,6,1819.076,2026-04-24T10:38:14,2026-04-24T11:08:34,ok,pickles\nsga2\c108_21\run05.pkl,ee61198
moead_ws,c208_21,9,2536822053,850000,850080,105,105,129068545.952103,,5.0,1198.2613,3972.4514,4,3471.206,2026-04-24T10:13:54,2026-04-24T11:11:45,ok,pickles\moead_ws\c208_21\run09.pkl,ee61198
smsemoa,c108_21,16,2028666940,850000,850080,105,105,40457501.92118,,13.0,1389.7927,300.4125,8,1843.571,2026-04-24T10:44:41,2026-04-24T11:15:25,ok,pickles\smsemoa\c108_21\run16.pkl,ee61198
nsga2,c109_21,6,2104864532,850000,850080,105,105,99526237.054515,,12.0,1647.2438,92.1119,8,1870.554,2026-04-24T10:47:36,2026-04-24T11:18:47,ok,pickles\nsga2\c109_21\run06.pkl,ee61198
nsga2,c109_21,27,1722891566,850000,850080,105,105,80224363.698455,,12.0,1725.9622,47.7875,8,1911.037,2026-04-24T10:53:20,2026-04-24T11:25:11,ok,pickles\nsga2\c109_21\run27.pkl,ee61198
smsemoa,c208_21,4,1950263495,850000,850080,105,105,60349243.619789,,4.0,919.0847,0.0,4,3153.124,2026-04-24T10:51:30,2026-04-24T11:44:03,ok,pickles\smsemoa\c208_21\run04.pkl,ee61198
nsga2,c208_21,26,4207203466,850000,850080,105,105,40435993.311806,,4.0,929.0054,0.0,4,3027.501,2026-04-24T10:53:40,2026-04-24T11:44:08,ok,pickles\nsga2\c208_21\run26.pkl,ee61198
moead_ws,c108_21,15,3445653873,850000,850080,105,104,111045179.6937,,14.0,1676.9778,1132.4529,7,2169.061,2026-04-24T11:08:35,2026-04-24T11:44:44,ok,pickles\moead_ws\c108_21\run15.pkl,ee61198
nsga2,c109_21,12,2713055599,850000,850080,105,105,20210957.160649,,12.0,1506.5013,240.3484,5,1807.976,2026-04-24T11:15:25,2026-04-24T11:45:33,ok,pickles\nsga2\c109_21\run12.pkl,ee61198
smsemoa,c109_21,10,1854770705,850000,850080,105,105,34824178.632063,,12.0,1571.2179,93.3384,6,1936.375,2026-04-24T11:18:47,2026-04-24T11:51:04,ok,pickles\smsemoa\c109_21\run10.pkl,ee61198
smsemoa,c109_21,3,1265797234,850000,850080,105,105,29026019.59436,,12.0,1416.51,31.2242,6,1919.979,2026-04-24T11:25:11,2026-04-24T11:57:11,ok,pickles\smsemoa\c109_21\run03.pkl,ee61198
moead_ws,c208_21,18,2324044004,850000,850080,105,96,67062132.555916,,5.0,1104.8825,8880.4208,3,3762.573,2026-04-24T10:59:43,2026-04-24T12:02:26,ok,pickles\moead_ws\c208_21\run18.pkl,ee61198
moead_ws,c208_21,16,3408449559,850000,850080,105,105,362667635.461805,,5.0,1135.4872,4295.5912,3,3491.288,2026-04-24T11:11:47,2026-04-24T12:09:58,ok,pickles\moead_ws\c208_21\run16.pkl,ee61198
nsga2,c108_21,11,1262250787,850000,850080,105,105,62855654.341984,,13.0,1606.9713,105.4577,8,1773.618,2026-04-24T11:44:08,2026-04-24T12:13:42,ok,pickles\nsga2\c108_21\run11.pkl,ee61198
nsga2,c109_21,21,23103443,850000,850080,105,105,37546219.510915,,13.0,1584.8825,0.0,7,1842.44,2026-04-24T11:44:44,2026-04-24T12:15:27,ok,pickles\nsga2\c109_21\run21.pkl,ee61198
nsga2,c108_21,15,3362288942,850000,850080,105,105,70348733.54766,,13.0,1622.1687,145.0401,7,1812.441,2026-04-24T11:51:04,2026-04-24T12:21:16,ok,pickles\nsga2\c108_21\run15.pkl,ee61198
moead_ws,c108_21,20,959749052,850000,850080,105,92,239487942.622386,,14.0,1729.2362,467.9102,8,2251.77,2026-04-24T11:44:05,2026-04-24T12:21:37,ok,pickles\moead_ws\c108_21\run20.pkl,ee61198
moead_ws,c109_21,14,2955101510,850000,850080,105,96,138761649.407318,,14.0,1615.5965,291.3669,6,2305.236,2026-04-24T11:45:35,2026-04-24T12:24:00,ok,pickles\moead_ws\c109_21\run14.pkl,ee61198
smsemoa,c109_21,27,3450948633,850000,850080,105,105,21583710.166793,,12.0,1512.2876,512.3266,5,1948.62,2026-04-24T12:09:58,2026-04-24T12:42:27,ok,pickles\smsemoa\c109_21\run27.pkl,ee61198
moead_ws,c208_21,20,1134048324,850000,850080,105,94,118542776.275148,,6.0,1065.2204,299.9138,3,3152.731,2026-04-24T11:57:13,2026-04-24T12:49:46,ok,pickles\moead_ws\c208_21\run20.pkl,ee61198
nsga2,c108_21,14,2915847552,850000,850080,105,105,92508797.777326,,13.0,1703.4434,215.2579,8,1788.347,2026-04-24T12:21:37,2026-04-24T12:51:26,ok,pickles\nsga2\c108_21\run14.pkl,ee61198
nsga2,c109_21,29,570603431,850000,850080,105,105,24940608.37755,,12.0,1451.9175,129.7745,5,1838.575,2026-04-24T12:21:16,2026-04-24T12:51:55,ok,pickles\nsga2\c109_21\run29.pkl,ee61198
nsga2,c108_21,20,4216870123,850000,850080,105,105,31261834.954485,,13.0,1400.4508,331.7114,6,1750.632,2026-04-24T12:24:00,2026-04-24T12:53:11,ok,pickles\nsga2\c108_21\run20.pkl,ee61198
nsga2,c208_21,11,1726983754,850000,850080,105,105,46616104.91677,,4.0,1031.9129,56.169,4,3262.668,2026-04-24T12:02:26,2026-04-24T12:56:49,ok,pickles\nsga2\c208_21\run11.pkl,ee61198
nsga2,c208_21,5,641669638,850000,850080,105,105,65323072.603966,,4.0,1112.6516,0.0,5,2973.272,2026-04-24T12:13:42,2026-04-24T13:03:15,ok,pickles\nsga2\c208_21\run05.pkl,ee61198
moead_ws,c208_21,4,234184648,850000,850080,105,100,184476194.653128,,5.0,1068.3585,81.4853,4,3066.718,2026-04-24T12:15:29,2026-04-24T13:06:35,ok,pickles\moead_ws\c208_21\run04.pkl,ee61198
nsga2,c108_21,27,617319198,850000,850080,105,105,87545869.232735,,14.0,1623.1039,141.8627,8,1821.416,2026-04-24T12:51:26,2026-04-24T13:21:47,ok,pickles\nsga2\c108_21\run27.pkl,ee61198
nsga2,c108_21,16,821834529,850000,850080,105,105,51930902.876442,,12.0,1517.7628,298.6576,7,1740.031,2026-04-24T12:53:11,2026-04-24T13:22:11,ok,pickles\nsga2\c108_21\run16.pkl,ee61198
moead_ws,c208_21,22,1262617529,850000,850080,105,101,139064050.368052,,5.0,1129.4887,1080.8316,4,3218.127,2026-04-24T12:42:29,2026-04-24T13:36:07,ok,pickles\moead_ws\c208_21\run22.pkl,ee61198
moead_ws,c109_21,16,905093459,850000,850080,105,103,35953443.917994,,14.0,1595.9127,418.4656,3,2226.421,2026-04-24T13:03:17,2026-04-24T13:40:23,ok,pickles\moead_ws\c109_21\run16.pkl,ee61198
smsemoa,c208_21,17,162511381,850000,850080,105,105,64496541.002326,,4.0,932.8546,118.8836,4,3168.015,2026-04-24T12:49:46,2026-04-24T13:42:34,ok,pickles\smsemoa\c208_21\run17.pkl,ee61198
nsga2,c208_21,15,87964607,850000,850080,105,105,14425316.743683,,5.0,1122.9257,98.3261,3,3250.923,2026-04-24T12:51:55,2026-04-24T13:46:06,ok,pickles\nsga2\c208_21\run15.pkl,ee61198
nsga2,c208_21,4,1665659567,850000,850080,105,105,73134297.680611,,4.0,1216.5323,0.0,5,3014.155,2026-04-24T12:56:49,2026-04-24T13:47:03,ok,pickles\nsga2\c208_21\run04.pkl,ee61198
smsemoa,c108_21,7,1738901372,850000,850080,105,105,49130905.651264,,14.0,1728.021,868.8993,6,1842.423,2026-04-24T13:22:11,2026-04-24T13:52:54,ok,pickles\smsemoa\c108_21\run07.pkl,ee61198
smsemoa,c208_21,1,2196663231,850000,850080,105,105,19237341.663265,,5.0,915.4674,0.0,3,2955.118,2026-04-24T13:06:35,2026-04-24T13:55:51,ok,pickles\smsemoa\c208_21\run01.pkl,ee61198
nsga2,c108_21,19,2368954530,850000,850080,105,105,39825471.749402,,13.0,1492.981,24.498,6,1732.963,2026-04-24T13:36:07,2026-04-24T14:05:00,ok,pickles\nsga2\c108_21\run19.pkl,ee61198
nsga2,c109_21,9,1292653312,850000,850080,105,105,39888843.978135,,13.0,1663.3943,190.2383,7,1847.932,2026-04-24T13:40:23,2026-04-24T14:11:12,ok,pickles\nsga2\c109_21\run09.pkl,ee61198
nsga2,c208_21,24,2421939226,850000,850080,105,62,6398540.815843,,4.0,935.2733,0.0,3,3274.571,2026-04-24T13:21:47,2026-04-24T14:16:22,ok,pickles\nsga2\c208_21\run24.pkl,ee61198
nsga2,c109_21,2,1872609208,850000,850080,105,105,48463645.803339,,12.0,1406.3947,174.0143,7,1848.356,2026-04-24T13:46:06,2026-04-24T14:16:54,ok,pickles\nsga2\c109_21\run02.pkl,ee61198
smsemoa,c108_21,10,3106128173,850000,850080,105,105,52927116.055874,,13.0,1676.9492,90.9059,7,1900.3,2026-04-24T13:55:51,2026-04-24T14:27:31,ok,pickles\smsemoa\c108_21\run10.pkl,ee61198
moead_ws,c109_21,10,3526140716,850000,850080,105,95,33836393.953584,,14.0,1534.2518,3.8483,3,2262.362,2026-04-24T13:52:55,2026-04-24T14:30:38,ok,pickles\moead_ws\c109_21\run10.pkl,ee61198
smsemoa,c208_21,12,207382699,850000,850080,105,72,20110860.231009,,4.0,891.8682,0.0,4,3314.592,2026-04-24T13:42:34,2026-04-24T14:37:49,ok,pickles\smsemoa\c208_21\run12.pkl,ee61198
smsemoa,c208_21,26,3202867703,850000,850080,105,105,44735577.04224,,4.0,1015.9041,40.6177,5,3187.81,2026-04-24T13:47:03,2026-04-24T14:40:11,ok,pickles\smsemoa\c208_21\run26.pkl,ee61198
moead_ws,c109_21,17,3141832364,850000,850080,105,95,45212610.863746,,13.0,1580.4073,938.0514,4,2284.306,2026-04-24T14:05:02,2026-04-24T14:43:06,ok,pickles\moead_ws\c109_21\run17.pkl,ee61198
nsga2,c108_21,22,3479255664,850000,850080,105,105,52157956.291875,,12.0,1506.52,119.7922,7,1785.276,2026-04-24T14:16:22,2026-04-24T14:46:07,ok,pickles\nsga2\c108_21\run22.pkl,ee61198
moead_ws,c109_21,12,477455007,850000,850080,105,103,35130540.178831,,13.0,1659.8781,1358.7901,3,2280.943,2026-04-24T14:11:13,2026-04-24T14:49:14,ok,pickles\moead_ws\c109_21\run12.pkl,ee61198
moead_ws,c108_21,25,3734256343,850000,850080,105,101,78852282.558715,,12.0,1534.4529,1168.7612,5,2274.141,2026-04-24T14:16:56,2026-04-24T14:54:50,ok,pickles\moead_ws\c108_21\run25.pkl,ee61198
moead_ws,c109_21,26,1615224896,850000,850080,105,97,91283566.56713,,13.0,1660.2703,491.7199,5,2261.657,2026-04-24T14:30:40,2026-04-24T15:08:21,ok,pickles\moead_ws\c109_21\run26.pkl,ee61198
moead_ws,c108_21,27,630474559,850000,850080,105,105,52019742.077411,,14.0,1743.2243,1260.8218,6,2238.119,2026-04-24T14:40:13,2026-04-24T15:17:31,ok,pickles\moead_ws\c108_21\run27.pkl,ee61198
moead_ws,c109_21,20,1001632726,850000,850080,105,97,113143287.550607,,14.0,1740.2339,417.6488,6,2240.51,2026-04-24T14:43:08,2026-04-24T15:20:29,ok,pickles\moead_ws\c109_21\run20.pkl,ee61198
smsemoa,c208_21,18,124569026,850000,850080,105,105,51626279.051981,,4.0,1023.5565,11.8869,4,3210.229,2026-04-24T14:27:31,2026-04-24T15:21:02,ok,pickles\smsemoa\c208_21\run18.pkl,ee61198
nsga2,c208_21,7,2860813179,850000,850080,105,105,9298290.102527,,5.0,1007.073,0.0,3,3040.709,2026-04-24T14:37:49,2026-04-24T15:28:30,ok,pickles\nsga2\c208_21\run07.pkl,ee61198
moead_ws,c108_21,29,3213154464,850000,850080,105,102,130905015.280741,,14.0,1660.2546,172.0615,7,2137.182,2026-04-24T14:54:52,2026-04-24T15:30:29,ok,pickles\moead_ws\c108_21\run29.pkl,ee61198
smsemoa,c208_21,2,281147627,850000,850080,105,105,20066485.49138,,4.0,845.4137,0.0,3,3170.063,2026-04-24T14:46:07,2026-04-24T15:38:57,ok,pickles\smsemoa\c208_21\run02.pkl,ee61198
moead_ws,c208_21,30,3763112993,850000,850080,105,95,48552827.796796,,4.0,1016.8119,5315.5839,3,3742.794,2026-04-24T14:49:16,2026-04-24T15:51:39,ok,pickles\moead_ws\c208_21\run30.pkl,ee61198
smsemoa,c109_21,8,1903318872,850000,850080,105,105,52660151.912144,,13.0,1589.5533,98.7832,6,1928.627,2026-04-24T15:20:29,2026-04-24T15:52:37,ok,pickles\smsemoa\c109_21\run08.pkl,ee61198
smsemoa,c108_21,24,3864845983,850000,850080,105,105,89890774.55855,,12.0,1591.0354,134.482,9,1818.857,2026-04-24T15:30:29,2026-04-24T16:00:48,ok,pickles\smsemoa\c108_21\run24.pkl,ee61198
moead_ws,c109_21,24,2889250732,850000,850080,105,101,124108462.967353,,14.0,1628.7846,402.1514,7,2308.248,2026-04-24T15:28:31,2026-04-24T16:07:00,ok,pickles\moead_ws\c109_21\run24.pkl,ee61198
moead_ws,c208_21,5,2191118658,850000,850080,105,102,24902864.94616,,5.0,1097.8008,1268.9301,3,3609.605,2026-04-24T15:08:23,2026-04-24T16:08:33,ok,pickles\moead_ws\c208_21\run05.pkl,ee61198
nsga2,c109_21,1,3963135518,850000,850080,105,105,96780579.600862,,12.0,1726.8361,29.4054,8,1896.588,2026-04-24T15:38:57,2026-04-24T16:10:34,ok,pickles\nsga2\c109_21\run01.pkl,ee61198
smsemoa,c208_21,9,576726692,850000,850080,105,105,81360014.864767,,4.0,1103.1257,555.7418,5,3004.078,2026-04-24T15:21:02,2026-04-24T16:11:06,ok,pickles\smsemoa\c208_21\run09.pkl,ee61198
nsga2,c208_21,8,1643399784,850000,850080,105,105,18158958.291331,,4.0,947.3614,1.8956,4,3288.919,2026-04-24T15:17:31,2026-04-24T16:12:20,ok,pickles\nsga2\c208_21\run08.pkl,ee61198
nsga2,c109_21,13,236798343,850000,850080,105,105,38710601.412181,,13.0,1483.2046,0.0,7,1824.478,2026-04-24T15:51:39,2026-04-24T16:22:03,ok,pickles\nsga2\c109_21\run13.pkl,ee61198
moead_ws,c109_21,13,125445606,850000,850080,105,90,108628432.000536,,13.0,1679.3664,148.7581,8,2213.768,2026-04-24T15:52:39,2026-04-24T16:29:33,ok,pickles\moead_ws\c109_21\run13.pkl,ee61198
nsga2,c109_21,22,2764291605,850000,850080,105,105,32820887.43194,,13.0,1600.9732,15.8727,6,1819.063,2026-04-24T16:10:34,2026-04-24T16:40:53,ok,pickles\nsga2\c109_21\run22.pkl,ee61198
nsga2,c108_21,2,2400152508,850000,850080,105,105,67371075.710434,,14.0,1718.7723,476.9809,7,1814.288,2026-04-24T16:12:20,2026-04-24T16:42:34,ok,pickles\nsga2\c108_21\run02.pkl,ee61198
moead_ws,c109_21,22,3962535734,850000,850080,105,87,97908669.758638,,13.0,1443.4822,101.3657,6,2280.982,2026-04-24T16:08:34,2026-04-24T16:46:36,ok,pickles\moead_ws\c109_21\run22.pkl,ee61198
nsga2,c208_21,13,184578452,850000,850080,105,105,30027948.58638,,5.0,1217.8015,1473.1931,3,3075.276,2026-04-24T16:00:48,2026-04-24T16:52:04,ok,pickles\nsga2\c208_21\run13.pkl,ee61198
moead_ws,c109_21,9,4058002837,850000,850080,105,84,41068767.866873,,14.0,1722.0198,270.8092,3,2325.884,2026-04-24T16:22:05,2026-04-24T17:00:51,ok,pickles\moead_ws\c109_21\run09.pkl,ee61198
smsemoa,c208_21,5,3333255981,850000,850080,105,105,69029922.657859,,4.0,1048.6354,0.0,5,3211.413,2026-04-24T16:11:06,2026-04-24T17:04:37,ok,pickles\smsemoa\c208_21\run05.pkl,ee61198
smsemoa,c208_21,24,276939653,850000,850080,105,105,30196003.468409,,4.0,809.8741,0.0,3,3570.216,2026-04-24T16:07:00,2026-04-24T17:06:30,ok,pickles\smsemoa\c208_21\run24.pkl,ee61198
nsga2,c108_21,6,3350932871,850000,850080,105,105,81524966.940547,,12.0,1629.731,1074.6268,9,1765.818,2026-04-24T16:40:53,2026-04-24T17:10:19,ok,pickles\nsga2\c108_21\run06.pkl,ee61198
nsga2,c108_21,3,2722999924,850000,850080,105,105,79488159.372147,,13.0,1717.9444,694.3602,8,1840.055,2026-04-24T16:42:34,2026-04-24T17:13:15,ok,pickles\nsga2\c108_21\run03.pkl,ee61198
smsemoa,c208_21,22,1020860520,850000,850080,105,105,23497480.865976,,5.0,992.3171,0.0,3,3188.151,2026-04-24T16:29:33,2026-04-24T17:22:41,ok,pickles\smsemoa\c208_21\run22.pkl,ee61198
moead_ws,c108_21,11,73111127,850000,850080,105,102,405337532.972486,,15.0,1767.1954,738.7747,5,2177.612,2026-04-24T16:46:37,2026-04-24T17:22:55,ok,pickles\moead_ws\c108_21\run11.pkl,ee61198
smsemoa,c109_21,6,1897688112,850000,850080,105,105,26310656.238424,,13.0,1592.5872,360.0221,6,1960.607,2026-04-24T16:52:04,2026-04-24T17:24:45,ok,pickles\smsemoa\c109_21\run06.pkl,ee61198
nsga2,c109_21,30,64672264,850000,850080,105,105,33794680.920911,,12.0,1540.8497,15.8706,7,1850.96,2026-04-24T17:06:30,2026-04-24T17:37:21,ok,pickles\nsga2\c109_21\run30.pkl,ee61198
moead_ws,c108_21,21,1961953287,850000,850080,105,104,91300358.606968,,14.0,1724.2638,1312.1598,5,2198.823,2026-04-24T17:00:53,2026-04-24T17:37:32,ok,pickles\moead_ws\c108_21\run21.pkl,ee61198
smsemoa,c109_21,21,2252760575,850000,850080,105,105,37731781.855088,,12.0,1578.2681,243.7909,6,1982.414,2026-04-24T17:04:37,2026-04-24T17:37:40,ok,pickles\smsemoa\c109_21\run21.pkl,ee61198
nsga2,c109_21,7,3704798606,850000,850080,105,105,25272976.488584,,12.0,1531.6302,97.3545,7,1819.95,2026-04-24T17:10:19,2026-04-24T17:40:39,ok,pickles\nsga2\c109_21\run07.pkl,ee61198
smsemoa,c108_21,30,2809977880,850000,850080,105,105,54688369.749026,,13.0,1621.538,456.095,7,1880.043,2026-04-24T17:13:15,2026-04-24T17:44:35,ok,pickles\smsemoa\c108_21\run30.pkl,ee61198
smsemoa,c108_21,28,3375223758,850000,850080,105,105,71925644.377977,,12.0,1478.3862,431.196,8,1866.278,2026-04-24T17:22:41,2026-04-24T17:53:48,ok,pickles\smsemoa\c108_21\run28.pkl,ee61198
smsemoa,c109_21,18,3422426609,850000,850080,105,105,54854979.182974,,13.0,1596.9641,192.6568,6,1940.613,2026-04-24T17:22:55,2026-04-24T17:55:16,ok,pickles\smsemoa\c109_21\run18.pkl,ee61198
nsga2,c108_21,24,2990226500,850000,850080,105,105,121877214.240604,,13.0,1697.6849,434.5251,9,1757.391,2026-04-24T17:37:21,2026-04-24T18:06:39,ok,pickles\nsga2\c108_21\run24.pkl,ee61198
nsga2,c108_21,1,4248970313,850000,850080,105,105,70674043.097067,,12.0,1398.3585,0.0,9,1771.078,2026-04-24T17:37:40,2026-04-24T18:07:11,ok,pickles\nsga2\c108_21\run01.pkl,ee61198
nsga2,c109_21,15,1992354107,850000,850080,105,105,64303769.99233,,13.0,1545.5572,405.195,7,1861.591,2026-04-24T17:44:35,2026-04-24T18:15:37,ok,pickles\nsga2\c109_21\run15.pkl,ee61198
smsemoa,c208_21,27,2911563887,850000,850080,105,105,82535082.496898,,4.0,1008.8906,119.3834,4,3101.518,2026-04-24T17:24:45,2026-04-24T18:16:27,ok,pickles\smsemoa\c208_21\run27.pkl,ee61198
smsemoa,c109_21,24,4059349042,850000,850080,105,105,37768566.463188,,12.0,1392.9931,0.0,7,1946.884,2026-04-24T17:55:16,2026-04-24T18:27:43,ok,pickles\smsemoa\c109_21\run24.pkl,ee61198
smsemoa,c208_21,7,3147531773,850000,850080,105,105,58493387.760016,,5.0,1107.9188,251.5341,4,3019.135,2026-04-24T17:37:32,2026-04-24T18:27:51,ok,pickles\smsemoa\c208_21\run07.pkl,ee61198
smsemoa,c208_21,16,2309097324,850000,850080,105,105,73434669.435919,,4.0,1040.1174,0.0,4,3087.86,2026-04-24T17:40:39,2026-04-24T18:32:08,ok,pickles\smsemoa\c208_21\run16.pkl,ee61198
smsemoa,c108_21,11,3262420253,850000,850080,105,105,60715483.131094,,13.0,1547.7924,906.7512,7,1905.52,2026-04-24T18:06:39,2026-04-24T18:38:25,ok,pickles\smsemoa\c108_21\run11.pkl,ee61198
moead_ws,c108_21,8,2161412885,850000,850080,105,101,105059549.024413,,15.0,1753.4517,692.417,5,2163.27,2026-04-24T18:07:13,2026-04-24T18:43:16,ok,pickles\moead_ws\c108_21\run08.pkl,ee61198
nsga2,c208_21,14,3125308208,850000,850080,105,105,12605746.017802,,5.0,1048.1116,360.0291,3,3004.608,2026-04-24T17:53:48,2026-04-24T18:43:52,ok,pickles\nsga2\c208_21\run14.pkl,ee61198
nsga2,c108_21,4,3077484252,850000,850080,105,105,88098947.916985,,13.0,1694.9549,565.9185,8,1813.742,2026-04-24T18:15:37,2026-04-24T18:45:50,ok,pickles\nsga2\c108_21\run04.pkl,ee61198
smsemoa,c108_21,5,3646597278,850000,850080,105,105,73335082.892061,,13.0,1557.5291,156.0326,8,1817.545,2026-04-24T18:16:27,2026-04-24T18:46:44,ok,pickles\smsemoa\c108_21\run05.pkl,ee61198
smsemoa,c108_21,25,3163250701,850000,850080,105,105,68796644.341134,,13.0,1439.2722,211.4593,9,1796.009,2026-04-24T18:38:25,2026-04-24T19:08:21,ok,pickles\smsemoa\c108_21\run25.pkl,ee61198
moead_ws,c109_21,5,2271618743,850000,850080,105,100,90481311.176906,,13.0,1461.1902,232.8482,5,2284.715,2026-04-24T18:32:09,2026-04-24T19:10:14,ok,pickles\moead_ws\c109_21\run05.pkl,ee61198
smsemoa,c109_21,29,3644688981,850000,850080,105,105,24934966.784965,,13.0,1498.07,121.5706,6,1902.609,2026-04-24T18:43:52,2026-04-24T19:15:35,ok,pickles\smsemoa\c109_21\run29.pkl,ee61198
nsga2,c208_21,25,1758283416,850000,850080,105,105,116833705.902134,,4.0,1095.1797,0.0,5,3060.796,2026-04-24T18:27:43,2026-04-24T19:18:44,ok,pickles\nsga2\c208_21\run25.pkl,ee61198
nsga2,c208_21,30,2786139817,850000,850080,105,105,84387131.856799,,4.0,943.6347,0.0,4,3220.272,2026-04-24T18:27:51,2026-04-24T19:21:32,ok,pickles\nsga2\c208_21\run30.pkl,ee61198
moead_ws,c109_21,4,1340011248,850000,850080,105,102,66887737.248535,,13.0,1676.1203,107.1054,4,2286.36,2026-04-24T18:45:52,2026-04-24T19:23:59,ok,pickles\moead_ws\c109_21\run04.pkl,ee61198
smsemoa,c208_21,25,3748944276,850000,850080,105,105,53329508.800412,,4.0,1031.1551,498.3168,4,3352.485,2026-04-24T18:43:16,2026-04-24T19:39:09,ok,pickles\smsemoa\c208_21\run25.pkl,ee61198
moead_ws,c208_21,1,1965292200,850000,850080,105,103,259148070.301452,,5.0,1089.6195,1386.3494,3,3373.909,2026-04-24T18:46:46,2026-04-24T19:43:00,ok,pickles\moead_ws\c208_21\run01.pkl,ee61198
smsemoa,c109_21,12,2054678466,850000,850080,105,105,26332753.804689,,12.0,1540.2489,23.1863,6,1944.285,2026-04-24T19:15:35,2026-04-24T19:48:00,ok,pickles\smsemoa\c109_21\run12.pkl,ee61198
smsemoa,c108_21,13,4071132814,850000,850080,105,105,42542118.738179,,12.0,1455.2313,369.9631,6,1842.759,2026-04-24T19:21:32,2026-04-24T19:52:15,ok,pickles\smsemoa\c108_21\run13.pkl,ee61198
moead_ws,c108_21,6,2335997751,850000,850080,105,103,116986362.639087,,14.0,1785.4697,327.2628,6,2179.249,2026-04-24T19:18:46,2026-04-24T19:55:05,ok,pickles\moead_ws\c108_21\run06.pkl,ee61198
smsemoa,c109_21,13,155300788,850000,850080,105,105,33380132.002906,,12.0,1487.6804,399.4443,6,1931.523,2026-04-24T19:23:59,2026-04-24T19:56:10,ok,pickles\smsemoa\c109_21\run13.pkl,ee61198
nsga2,c208_21,29,3430246696,850000,850080,105,105,57759052.091731,,5.0,1098.9695,98.5685,3,3080.671,2026-04-24T19:08:21,2026-04-24T19:59:42,ok,pickles\nsga2\c208_21\run29.pkl,ee61198
moead_ws,c208_21,17,4032542832,850000,850080,105,89,174551916.331619,,5.0,1141.6183,304.8508,4,3271.494,2026-04-24T19:10:16,2026-04-24T20:04:48,ok,pickles\moead_ws\c208_21\run17.pkl,ee61198
smsemoa,c108_21,1,3100151506,850000,850080,105,105,86702430.99905,,13.0,1647.5935,626.4578,8,1884.724,2026-04-24T19:43:00,2026-04-24T20:14:25,ok,pickles\smsemoa\c108_21\run01.pkl,ee61198
moead_ws,c109_21,29,3109440186,850000,850080,105,95,38765917.433043,,12.0,1457.6791,268.9801,4,2274.861,2026-04-24T19:39:11,2026-04-24T20:17:06,ok,pickles\moead_ws\c109_21\run29.pkl,ee61198
nsga2,c109_21,28,2084425917,850000,850080,105,105,94106696.087205,,12.0,1571.9599,68.9992,6,1861.085,2026-04-24T19:48:00,2026-04-24T20:19:01,ok,pickles\nsga2\c109_21\run28.pkl,ee61198
nsga2,c108_21,23,188921393,850000,850080,105,105,46538812.709985,,13.0,1583.9919,216.039,7,1751.627,2026-04-24T19:56:10,2026-04-24T20:25:22,ok,pickles\nsga2\c108_21\run23.pkl,ee61198
nsga2,c108_21,25,3397246313,850000,850080,105,105,85155269.569063,,12.0,1719.2923,130.7019,9,1770.046,2026-04-24T19:59:42,2026-04-24T20:29:12,ok,pickles\nsga2\c108_21\run25.pkl,ee61198
smsemoa,c208_21,21,3243444358,850000,850080,105,105,25477552.117747,,5.0,960.9535,0.0,3,3121.992,2026-04-24T19:52:15,2026-04-24T20:44:17,ok,pickles\smsemoa\c208_21\run21.pkl,ee61198
smsemoa,c108_21,23,1448424625,850000,850080,105,105,72387736.060625,,13.0,1673.0789,710.2371,7,1827.454,2026-04-24T20:14:25,2026-04-24T20:44:53,ok,pickles\smsemoa\c108_21\run23.pkl,ee61198
nsga2,c208_21,21,1234927893,850000,850080,105,68,35679976.734912,,5.0,1010.2386,0.0,4,3154.284,2026-04-24T19:55:05,2026-04-24T20:47:39,ok,pickles\nsga2\c208_21\run21.pkl,ee61198
smsemoa,c109_21,2,3834994448,850000,850080,105,105,14712119.959937,,12.0,1366.0427,42.2735,4,1882.89,2026-04-24T20:17:06,2026-04-24T20:48:29,ok,pickles\smsemoa\c109_21\run02.pkl,ee61198
nsga2,c108_21,9,1442860222,850000,850080,105,105,41541617.412728,,13.0,1704.4034,100.6525,8,1777.644,2026-04-24T20:19:01,2026-04-24T20:48:39,ok,pickles\nsga2\c108_21\run09.pkl,ee61198
smsemoa,c208_21,30,3686379708,850000,850080,105,105,19639611.066883,,5.0,1204.6306,0.0,4,3020.873,2026-04-24T20:04:48,2026-04-24T20:55:09,ok,pickles\smsemoa\c208_21\run30.pkl,ee61198
nsga2,c108_21,28,2783735132,850000,850080,105,105,65579703.648386,,13.0,1664.648,282.2759,7,1700.086,2026-04-24T20:29:12,2026-04-24T20:57:32,ok,pickles\nsga2\c108_21\run28.pkl,ee61198
moead_ws,c109_21,11,1358666090,850000,850080,105,92,46861581.260719,,13.0,1545.7888,490.4182,4,2151.875,2026-04-24T20:25:24,2026-04-24T21:01:16,ok,pickles\moead_ws\c109_21\run11.pkl,ee61198
nsga2,c108_21,17,1144604142,850000,850080,105,105,89941565.892154,,14.0,1681.1385,467.6515,8,1640.2,2026-04-24T20:44:53,2026-04-24T21:12:13,ok,pickles\nsga2\c108_21\run17.pkl,ee61198
moead_ws,c109_21,23,1742866617,850000,850080,105,100,151935182.085605,,13.0,1612.1631,153.4136,8,2156.083,2026-04-24T20:44:19,2026-04-24T21:20:15,ok,pickles\moead_ws\c109_21\run23.pkl,ee61198
