instance,subgroup,algorithm_id,med_n_f1_layers,std_n_f1_layers,med_n_pareto,std_n_pareto
c102_21,C1,nsga2,10.0,1.57,105.0,0.0
c102_21,C1,smsemoa,10.0,1.28,105.0,0.0
c102_21,C1,moead_ws,7.0,1.65,99.5,4.16
c103_21,C1,nsga2,8.5,1.33,105.0,0.0
c103_21,C1,smsemoa,8.0,1.43,105.0,0.18
c103_21,C1,moead_ws,7.0,1.25,98.0,4.5
c104_21,C1,nsga2,6.0,1.11,105.0,0.0
c104_21,C1,smsemoa,5.0,1.06,105.0,1.74
c104_21,C1,moead_ws,4.0,0.92,93.0,6.55
c105_21,C1,nsga2,10.0,1.67,105.0,0.0
c105_21,C1,smsemoa,9.0,1.5,105.0,0.0
c105_21,C1,moead_ws,7.0,1.14,101.0,4.92
c106_21,C1,nsga2,9.0,1.28,105.0,0.54
c106_21,C1,smsemoa,8.0,1.2,105.0,0.0
c106_21,C1,moead_ws,6.0,1.81,102.0,4.14
c107_21,C1,nsga2,8.0,1.19,105.0,0.0
c107_21,C1,smsemoa,8.0,1.03,105.0,0.0
c107_21,C1,moead_ws,6.5,1.68,101.0,3.85
c108_21,C1,nsga2,8.0,1.15,105.0,0.0
c108_21,C1,smsemoa,7.5,1.31,105.0,0.0
c108_21,C1,moead_ws,6.0,1.18,100.5,4.55
c109_21,C1,nsga2,7.0,1.04,105.0,0.0
c109_21,C1,smsemoa,6.0,0.82,105.0,0.54
c109_21,C1,moead_ws,5.0,1.48,97.5,5.18
c202_21,C2,nsga2,5.0,0.98,105.0,0.0
c202_21,C2,smsemoa,5.0,0.76,105.0,0.72
c202_21,C2,moead_ws,4.0,1.11,99.0,5.12
c203_21,C2,nsga2,4.0,0.97,105.0,5.51
c203_21,C2,smsemoa,4.0,0.77,105.0,0.56
c203_21,C2,moead_ws,4.0,0.93,96.0,6.23
c204_21,C2,nsga2,3.0,0.68,105.0,16.32
c204_21,C2,smsemoa,3.0,0.72,105.0,21.54
c204_21,C2,moead_ws,3.0,0.69,91.5,7.34
c205_21,C2,nsga2,4.0,1.08,105.0,0.0
c205_21,C2,smsemoa,4.0,0.79,105.0,7.35
c205_21,C2,moead_ws,3.0,0.72,102.0,4.45
c206_21,C2,nsga2,4.0,1.0,105.0,12.39
c206_21,C2,smsemoa,4.0,0.75,105.0,3.99
c206_21,C2,moead_ws,3.0,1.17,100.0,5.38
c207_21,C2,nsga2,4.0,1.09,105.0,14.67
c207_21,C2,smsemoa,3.0,0.85,105.0,13.61
c207_21,C2,moead_ws,3.0,0.83,99.0,5.38
c208_21,C2,nsga2,3.5,0.87,105.0,10.01
c208_21,C2,smsemoa,4.0,0.68,105.0,13.79
c208_21,C2,moead_ws,3.0,0.54,99.0,4.75
r102_21,R1,nsga2,14.0,1.64,105.0,0.0
r102_21,R1,smsemoa,13.0,1.76,105.0,0.0
r102_21,R1,moead_ws,13.0,2.14,102.0,2.99
r103_21,R1,nsga2,10.0,1.23,105.0,0.0
r103_21,R1,smsemoa,10.0,1.47,105.0,0.0
r103_21,R1,moead_ws,10.0,1.77,99.0,3.84
r104_21,R1,nsga2,6.0,1.01,105.0,2.87
r104_21,R1,smsemoa,7.0,0.99,105.0,0.18
r104_21,R1,moead_ws,7.0,1.42,96.5,5.52
r105_21,R1,nsga2,11.5,1.64,105.0,0.0
r105_21,R1,smsemoa,12.0,1.64,105.0,0.0
r105_21,R1,moead_ws,11.5,2.1,101.0,3.57
r106_21,R1,nsga2,10.0,1.67,105.0,0.0
r106_21,R1,smsemoa,10.0,1.46,105.0,0.0
r106_21,R1,moead_ws,10.5,2.04,101.0,3.9
r107_21,R1,nsga2,6.0,1.13,105.0,2.87
r107_21,R1,smsemoa,6.0,1.2,105.0,3.11
r107_21,R1,moead_ws,7.0,1.19,98.0,5.48
r108_21,R1,nsga2,5.0,1.14,105.0,3.05
r108_21,R1,smsemoa,5.0,0.89,105.0,6.46
r108_21,R1,moead_ws,5.0,1.4,94.5,5.45
r109_21,R1,nsga2,7.0,1.36,105.0,2.15
r109_21,R1,smsemoa,8.0,1.42,105.0,0.25
r109_21,R1,moead_ws,8.5,1.79,99.0,3.77
r110_21,R1,nsga2,6.0,1.47,105.0,0.0
r110_21,R1,smsemoa,5.0,1.1,105.0,0.18
r110_21,R1,moead_ws,6.0,1.29,99.0,4.23
r111_21,R1,nsga2,6.0,1.05,105.0,0.0
r111_21,R1,smsemoa,5.0,1.18,105.0,0.72
r111_21,R1,moead_ws,6.0,1.3,98.5,3.89
r112_21,R1,nsga2,4.0,1.13,105.0,11.92
r112_21,R1,smsemoa,4.0,1.04,105.0,8.65
r112_21,R1,moead_ws,5.0,1.19,98.0,6.22
r202_21,R2,nsga2,3.5,0.86,105.0,0.0
r202_21,R2,smsemoa,3.5,1.2,105.0,0.0
r202_21,R2,moead_ws,4.0,0.88,97.5,4.64
r203_21,R2,nsga2,3.0,0.88,105.0,0.0
r203_21,R2,smsemoa,3.0,0.92,105.0,0.18
r203_21,R2,moead_ws,4.0,0.91,97.0,4.86
r204_21,R2,nsga2,2.0,0.62,89.0,25.48
r204_21,R2,smsemoa,2.0,0.69,65.5,27.33
r204_21,R2,moead_ws,3.0,0.76,89.0,6.34
r205_21,R2,nsga2,3.0,0.76,105.0,0.0
r205_21,R2,smsemoa,4.0,0.83,105.0,0.18
r205_21,R2,moead_ws,4.0,0.93,100.0,4.55
r206_21,R2,nsga2,3.0,0.85,105.0,0.0
r206_21,R2,smsemoa,3.0,0.75,105.0,2.53
r206_21,R2,moead_ws,4.0,0.9,100.5,5.29
r207_21,R2,nsga2,3.0,0.67,105.0,9.89
r207_21,R2,smsemoa,2.5,0.67,105.0,9.27
r207_21,R2,moead_ws,3.0,0.81,96.5,6.03
r208_21,R2,nsga2,2.0,0.68,56.5,29.25
r208_21,R2,smsemoa,2.0,0.55,68.0,26.28
r208_21,R2,moead_ws,3.0,0.66,91.5,8.11
r209_21,R2,nsga2,3.0,0.74,105.0,0.0
r209_21,R2,smsemoa,3.0,0.75,105.0,0.43
r209_21,R2,moead_ws,3.0,0.88,99.0,4.58
r210_21,R2,nsga2,3.0,0.84,105.0,0.72
r210_21,R2,smsemoa,3.0,0.79,105.0,1.75
r210_21,R2,moead_ws,4.0,0.75,99.0,4.71
r211_21,R2,nsga2,2.0,0.56,105.0,6.49
r211_21,R2,smsemoa,2.0,0.5,105.0,3.62
r211_21,R2,moead_ws,3.0,0.6,95.0,5.76
rc102_21,RC1,nsga2,12.0,1.68,105.0,0.0
rc102_21,RC1,smsemoa,12.0,1.86,105.0,0.18
rc102_21,RC1,moead_ws,13.0,1.82,100.0,3.84
rc103_21,RC1,nsga2,9.0,1.38,105.0,0.0
rc103_21,RC1,smsemoa,9.0,1.36,105.0,0.0
rc103_21,RC1,moead_ws,10.0,1.71,99.0,3.69
rc104_21,RC1,nsga2,6.0,1.02,105.0,5.41
rc104_21,RC1,smsemoa,5.0,0.89,105.0,10.46
rc104_21,RC1,moead_ws,6.0,1.35,97.0,5.54
rc105_21,RC1,nsga2,10.0,1.33,105.0,0.0
rc105_21,RC1,smsemoa,11.0,1.12,105.0,0.18
rc105_21,RC1,moead_ws,12.0,1.98,100.0,3.64
rc106_21,RC1,nsga2,9.0,1.19,105.0,0.0
rc106_21,RC1,smsemoa,10.0,1.33,105.0,0.54
rc106_21,RC1,moead_ws,10.5,1.52,100.0,4.2
rc107_21,RC1,nsga2,7.0,0.89,105.0,0.0
rc107_21,RC1,smsemoa,6.0,1.28,105.0,4.2
rc107_21,RC1,moead_ws,8.0,1.48,97.0,4.95
rc108_21,RC1,nsga2,5.0,1.06,105.0,4.68
rc108_21,RC1,smsemoa,6.0,0.91,105.0,2.33
rc108_21,RC1,moead_ws,6.0,1.14,96.5,4.67
rc202_21,RC2,nsga2,4.0,1.06,105.0,0.0
rc202_21,RC2,smsemoa,4.0,1.08,105.0,0.0
rc202_21,RC2,moead_ws,5.0,1.26,98.5,4.7
rc203_21,RC2,nsga2,4.0,0.82,105.0,0.0
rc203_21,RC2,smsemoa,4.0,0.85,105.0,0.0
rc203_21,RC2,moead_ws,4.0,0.93,98.0,4.92
rc204_21,RC2,nsga2,3.0,0.78,105.0,5.8
rc204_21,RC2,smsemoa,3.0,0.73,105.0,14.49
rc204_21,RC2,moead_ws,3.0,0.77,92.0,6.69
rc205_21,RC2,nsga2,4.0,0.87,105.0,0.0
rc205_21,RC2,smsemoa,5.0,0.99,105.0,0.0
rc205_21,RC2,moead_ws,5.0,1.18,100.0,4.24
rc206_21,RC2,nsga2,4.0,0.86,105.0,0.0
rc206_21,RC2,smsemoa,4.0,1.02,105.0,0.0
rc206_21,RC2,moead_ws,4.0,1.09,101.0,4.59
rc207_21,RC2,nsga2,3.0,0.74,105.0,0.86
rc207_21,RC2,smsemoa,3.0,0.53,105.0,0.18
rc207_21,RC2,moead_ws,4.0,0.99,99.5,4.33
rc208_21,RC2,nsga2,3.0,0.71,105.0,12.39
rc208_21,RC2,smsemoa,3.0,0.54,105.0,5.37
rc208_21,RC2,moead_ws,3.0,0.89,101.0,6.34
