perm_id,c_f1,c_f2,c_g2,c_n_vehicles,c_total_distance,c_n_recharges,c_n_skipped,c_feasible,a_f1,a_f2,a_g2,a_n_vehicles,a_total_distance,a_n_recharges,a_n_skipped,a_feasible
1,58403.67052892898,0.009158702096074944,0.0,52,6403.670528928982,153,0,1,7392.253972668554,0.8860891958488041,63.06163022794917,2,5392.253972668554,83,0,0
2,54951.25061873863,0.0011465856099731608,0.0,49,5951.250618738633,144,0,1,7017.550760092494,0.8449571150218307,28.255723801985305,2,5017.550760092494,77,0,0
3,57162.35640262267,0.0008276472678623303,0.0,51,6162.356402622664,150,0,1,6964.70265325888,0.7990394661513555,83.59497101044757,2,4964.70265325888,72,0,0
4,53009.561376907295,0.008852822324057374,0.0,47,6009.561376907293,138,0,1,6784.159004875848,0.8305781164616624,87.15827564781854,2,4784.159004875848,73,0,0
5,56311.065680445194,0.002796630951129697,0.0,50,6311.0656804451955,147,0,1,7172.1443165491855,0.8407951416722544,62.08324792173056,2,5172.1443165491855,79,0,0
6,55954.52559777007,0.002694402235948523,0.0,50,5954.525597770076,147,0,1,7126.89010654817,0.8552492759507073,51.29717381077055,2,5126.89010654817,79,0,0
7,53778.67377586506,0.009731872268282982,0.0,48,5778.673775865061,141,0,1,6871.308132138386,0.8802551110625176,52.82358575688225,2,4871.308132138386,77,0,0
8,53625.13743563187,0.009465020521803647,0.0,48,5625.137435631871,141,0,1,7058.983562376238,0.8808452114563845,66.06390262784426,2,5058.983562376238,75,0,0
9,49611.44383915516,0.004366704916484276,0.0,44,5611.443839155159,129,0,1,6787.725153801151,0.8165410784731023,78.61493954975273,2,4787.725153801151,73,0,0
10,52814.52517229873,0.0015692354826475352,0.0,47,5814.525172298731,138,0,1,6866.848926619079,0.8756359042607225,38.20658668677551,2,4866.848926619079,74,0,0
11,51993.93567751178,0.0,0.0,46,5993.935677511776,135,0,1,7054.522636978381,0.8393513646551493,62.152873199842105,2,5054.522636978381,81,0,0
12,56921.22958744613,0.008945446658586653,0.0,51,5921.229587446123,150,0,1,7005.207374009711,0.8426795648379778,82.67920990206377,2,5005.207374009711,72,0,0
13,54953.22485437292,0.007098660393831335,0.0,49,5953.224854372919,144,0,1,7170.200945265979,0.8546228069953143,87.39899546124786,2,5170.200945265979,80,0,0
14,57313.35771356793,0.0,0.0,51,6313.3577135679325,150,0,1,7433.787358255086,0.8843188765535728,47.19753541797193,2,5433.787358255086,87,0,0
15,52746.235994456525,0.0024054337464722853,0.0,47,5746.235994456521,138,0,1,6890.424307923453,0.8121045030315757,73.40099202057802,2,4890.424307923453,75,0,0
16,56136.51718073289,0.0009113769342242728,0.0,50,6136.517180732889,147,0,1,7171.89804921174,0.8251779877400482,43.3045166053912,2,5171.89804921174,80,0,0
17,59428.5328174528,0.0034533008588991665,0.0,53,6428.532817452793,156,0,1,7419.803683412751,0.835878990184471,84.66861212830949,2,5419.803683412751,77,0,0
18,54078.29877794317,0.018549139806775194,0.0,48,6078.29877794317,141,0,1,6804.0376260097555,0.8223294226247642,67.57073603441697,2,4804.0376260097555,75,0,0
19,61599.26926252236,0.00964132375261817,0.0,55,6599.26926252236,162,0,1,7462.481552692607,0.8448565440450965,76.95119580727713,2,5462.481552692607,83,0,0
20,56116.75391944738,0.0031950849718747065,0.0,50,6116.753919447378,147,0,1,7178.297861566723,0.8152419519597355,84.90681915963648,2,5178.297861566723,74,0,0
21,61501.958071925765,0.0,0.0,55,6501.958071925762,162,0,1,7580.798338007524,0.8709811020868976,74.19396818528205,2,5580.798338007524,80,0,0
22,55086.92808112973,0.0,0.0,49,6086.928081129726,144,0,1,7004.160227309617,0.811661751453708,59.901465528769975,2,5004.160227309617,75,0,0
23,54126.28755600408,0.0028020815280171973,0.0,48,6126.287556004075,141,0,1,7045.73732749627,0.874657423397303,150.2999434124398,2,5045.73732749627,71,0,0
24,60573.81677601908,0.004872952881216697,0.0,54,6573.816776019075,159,0,1,7303.284490195038,0.8438544873488867,34.64194763514705,2,5303.284490195038,84,0,0
25,57180.06305459316,0.018184718242521547,0.0,51,6180.063054593163,150,0,1,7249.629772726737,0.8586730434039653,95.07718972170119,2,5249.629772726737,77,0,0
26,58070.706470035686,0.007259736011654083,0.0,52,6070.706470035688,153,0,1,7162.408338295014,0.8578316326103481,91.86093729745525,2,5162.408338295014,77,0,0
27,52661.87227556188,0.0,0.0,47,5661.872275561876,138,0,1,6821.012360570194,0.8422158548019746,86.94276606536961,2,4821.012360570194,74,0,0
28,54157.3506491748,0.0077890176688497625,0.0,48,6157.350649174797,141,0,1,7001.246954503626,0.8749942384709224,83.48858948020586,2,5001.246954503626,79,0,0
29,51748.54556320109,0.015119606661168072,0.0,46,5748.5455632010935,135,0,1,6936.506730597784,0.8119077506899234,55.455383326035566,2,4936.506730597784,76,0,0
30,53923.38235291942,0.010485317866734345,0.0,48,5923.38235291942,141,1,1,7098.394708957829,0.8428643474318144,91.90196406431727,2,5098.394708957829,73,0,0
31,53680.909144528,0.008461254691764397,0.0,48,5680.909144528001,141,0,1,6798.546403150145,0.8102977150117548,63.468381284201605,2,4798.546403150145,70,0,0
32,59571.94256515597,0.0,0.0,53,6571.94256515597,156,0,1,7395.958102075412,0.8536033731292914,61.978198099175884,2,5395.958102075412,84,0,0
33,57117.821176906735,0.0007340329667842038,0.0,51,6117.8211769067375,150,0,1,6970.188812295928,0.8003553901416107,78.95144649184701,2,4970.188812295928,71,0,0
34,51799.48300851469,0.00817918210966806,0.0,46,5799.4830085146905,135,0,1,6782.893815019802,0.8167516426776277,90.90014231638642,2,4782.893815019802,68,0,0
35,55028.954375729976,0.009901002588562413,0.0,49,6028.954375729975,144,0,1,7230.551165325047,0.8550089715651157,77.76297907526617,2,5230.551165325047,80,0,0
36,59631.97207315472,0.005546557697592491,0.0,53,6631.972073154718,156,0,1,7482.492132515541,0.857538486511667,66.67897840810372,2,5482.492132515541,84,0,0
37,52656.62385234582,0.0022753865671270024,0.0,47,5656.623852345822,138,0,1,6941.492904333794,0.8720552026690278,44.96603428337723,2,4941.492904333794,75,0,0
38,56114.99638598306,0.007437685851025888,0.0,50,6114.996385983061,147,0,1,6878.170172746525,0.8113523043286169,43.80582313118141,2,4878.170172746525,78,0,0
39,58180.6308717328,0.01271726904695858,0.0,52,6180.6308717328,153,0,1,7233.966052853374,0.8628947145382136,66.14910238349991,2,5233.966052853374,78,0,0
40,54894.19798741411,0.0007500000000000284,0.0,49,5894.197987414108,144,0,1,7172.883778818955,0.8645408920819689,89.58981000983998,2,5172.883778818955,77,0,0
41,52658.18625649082,0.011216279217612146,0.0,47,5658.186256490819,138,0,1,6726.493047245063,0.8548121739145689,82.1452140955689,2,4726.493047245063,70,0,0
42,56205.19201910662,0.0,0.0,50,6205.192019106615,147,0,1,7119.495889294118,0.8764347268963376,59.26772594531436,2,5119.495889294118,79,0,0
43,59482.92904515557,0.00036556443707469466,0.0,53,6482.929045155569,156,0,1,7322.5871036463395,0.8666985771266017,60.033081942817574,2,5322.5871036463395,83,0,0
44,57162.01557227537,0.0037001057943834015,0.0,51,6162.01557227537,150,0,1,7256.2495218292615,0.8429764591584787,72.71897453537221,2,5256.2495218292615,80,0,0
45,57167.89824992072,0.007072076438715658,0.0,51,6167.898249920717,150,0,1,7023.001182098787,0.8224737765748665,59.29291247047779,2,5023.001182098787,75,0,0
46,62860.07049707801,0.00045000000000006146,0.0,56,6860.070497078013,165,0,1,7541.095503426577,0.8617200079577433,78.8090558832554,2,5541.095503426577,82,0,0
47,58129.59276019639,0.009369383388923791,0.0,52,6129.59276019639,153,0,1,7344.542249688082,0.8459986306221907,57.81870665444107,2,5344.542249688082,77,0,0
48,58262.974602988164,0.0,0.0,52,6262.9746029881635,153,0,1,7316.155460799902,0.7967225834580349,54.32204499996264,2,5316.155460799902,77,0,0
49,55968.430525080934,0.004417156809750966,0.0,50,5968.430525080931,147,0,1,7207.17774171991,0.8687923085216117,79.04924671222669,2,5207.17774171991,76,0,0
50,56084.97660870199,0.006368939612572011,0.0,50,6084.976608701988,147,0,1,7404.204484635719,0.8456546074398035,98.3933258279446,2,5404.204484635719,78,0,0
51,54853.81249113578,0.004864953209080092,0.0,49,5853.812491135778,144,0,1,7005.591399648387,0.8441036845137915,87.79055969415711,2,5005.591399648387,76,0,0
52,50549.05671198322,0.0,0.0,45,5549.056711983218,132,0,1,6627.860094377808,0.8020793374318603,86.91106751521579,2,4627.860094377808,68,0,0
53,57176.89925096789,0.009227147980624406,0.0,51,6176.8992509678865,150,0,1,7278.789814036052,0.7982618871504529,43.076469380521566,2,5278.789814036052,80,0,0
54,54955.148381879546,0.005415799764954654,0.0,49,5955.148381879543,144,0,1,7202.558593873191,0.8575280852366595,67.05122494075046,2,5202.558593873191,80,0,0
55,53961.256159464596,0.009129550877140402,0.0,48,5961.256159464592,141,0,1,7083.490609170347,0.8156494661736245,71.18486717075183,2,5083.490609170347,73,0,0
56,54029.00734652207,0.006897532485760305,0.0,48,6029.007346522073,141,0,1,6984.692255371245,0.8360306842180203,108.94347179847722,2,4984.692255371245,73,0,0
57,60367.453753634356,0.007521390885802393,0.0,54,6367.453753634352,159,0,1,7498.533067516339,0.8278702979216801,82.26949791874188,2,5498.533067516339,80,0,0
58,57260.33610862688,0.0045024521824363894,0.0,51,6260.33610862688,150,0,1,7182.291304766421,0.8254078540363651,63.1391970235898,2,5182.291304766421,80,0,0
59,54862.25171348639,0.0029454742822929703,0.0,49,5862.251713486391,144,0,1,6922.617291766217,0.8806156878968151,77.91246887307761,2,4922.617291766217,75,0,0
60,54128.78475862572,0.0068882851145197765,0.0,48,6128.784758625721,141,0,1,7065.815039304529,0.8073498128855858,85.9186756260051,2,5065.815039304529,76,0,0
61,60222.389674320635,0.00015529453572471486,0.0,54,6222.389674320636,159,0,1,7387.295065640664,0.88,119.8139547431114,2,5387.295065640664,76,0,0
62,52599.04078581753,0.0,0.0,47,5599.040785817531,138,0,1,6870.36352202468,0.8571199076370458,103.9819207825547,2,4870.36352202468,71,0,0
63,53637.82307353391,0.003206403408438474,0.0,48,5637.823073533908,141,0,1,7005.853363337332,0.825783082303719,56.98084492547504,2,5005.853363337332,79,0,0
64,52927.01654295765,0.004929563014098748,0.0,47,5927.016542957649,138,0,1,7062.252450230516,0.8706035806501979,47.16391723924305,2,5062.252450230516,79,0,0
65,61615.282620393664,0.01089019711791972,0.0,55,6615.282620393664,162,0,1,7269.132372026258,0.8553929125412014,129.5248497683095,2,5269.132372026258,74,0,0
66,60523.55169556353,0.010950751134444991,0.0,54,6523.551695563535,159,0,1,7500.928090252473,0.8745235571775142,54.42205975504294,2,5500.928090252473,79,0,0
67,57326.74514577239,0.0009326548781893873,0.0,51,6326.745145772387,150,0,1,7196.55169960447,0.8606418436575756,75.39339959589248,2,5196.55169960447,79,0,0
68,58236.79699107824,0.004383945866649697,0.0,52,6236.796991078241,153,0,1,6858.602517891826,0.8501496170095248,63.83466052149426,2,4858.602517891826,74,0,0
69,53017.21907755268,0.002226801190201577,0.0,47,6017.219077552687,138,0,1,7214.30949453476,0.8137669211303511,75.17171399023142,2,5214.30949453476,80,0,0
70,56993.71201434669,0.003522503109620212,0.0,51,5993.712014346688,150,0,1,7042.221863834721,0.8199780703337741,50.910658612018636,2,5042.221863834721,74,0,0
71,56170.550822917496,0.004037956691197553,0.0,50,6170.550822917495,147,0,1,7037.984511906343,0.8367056781304815,81.82404724899786,2,5037.984511906343,72,0,0
72,57153.33753609845,0.010569329045111098,0.0,51,6153.337536098453,150,0,1,6944.223587737715,0.8505130035822871,87.73852950847728,2,4944.223587737715,73,0,0
73,56941.30898261063,0.002078051417267801,0.0,51,5941.308982610629,150,0,1,7086.962390147764,0.8480591057045365,59.073862196251056,2,5086.962390147764,77,0,0
74,54964.59955222756,0.007770442811210532,0.0,49,5964.599552227559,144,0,1,7238.8226666880755,0.8166376279758256,54.203257112276575,2,5238.8226666880755,79,0,0
75,61445.783253786205,0.007691086766738575,0.0,55,6445.783253786206,162,0,1,7332.672206028108,0.8528300529405862,80.08663600982536,2,5332.672206028108,77,0,0
76,62804.595157986885,0.00043477827242721645,0.0,56,6804.595157986889,165,0,1,7504.219239819544,0.8777667418689117,17.70020952721593,2,5504.219239819544,84,0,0
77,55958.47523619534,0.0016988267875264196,0.0,50,5958.47523619534,147,0,1,7007.622047210334,0.8499868210427888,88.05464078767841,2,5007.622047210334,78,0,0
78,57277.12344746704,0.0018217082451262856,0.0,51,6277.12344746704,150,0,1,7387.061944382034,0.85629554427985,67.58498839993379,2,5387.061944382034,80,0,0
79,55260.146590624325,0.0026492855684536742,0.0,49,6260.146590624325,144,0,1,7136.359806630086,0.7944327030992799,55.73507288370261,2,5136.359806630086,79,0,0
80,59495.46372285378,0.00877966036587352,0.0,53,6495.463722853781,156,0,1,7427.658192086529,0.8617986508870645,67.63557035177882,2,5427.658192086529,81,0,0
81,49494.30079181364,0.00811008474424113,0.0,44,5494.300791813645,129,0,1,6815.235893186691,0.8652348670124174,53.72792740328885,2,4815.235893186691,72,0,0
82,62469.673254449335,0.00719534657160692,0.0,56,6469.673254449334,165,0,1,7210.152315044041,0.8541572226024015,45.74777161768611,2,5210.152315044041,81,0,0
83,51668.051545147726,0.011072783380813411,0.0,46,5668.051545147729,135,0,1,6877.164938441494,0.9032758215275025,68.52190651210194,2,4877.164938441494,78,0,0
84,50430.35164601269,0.007022154896546229,0.0,45,5430.351646012691,132,0,1,6801.193087458099,0.8192270067809987,114.56301701373158,2,4801.193087458099,72,0,0
85,60365.90503000821,0.0,0.0,54,6365.905030008212,159,0,1,7361.012980699043,0.8452656210713727,64.51558698599364,2,5361.012980699043,79,0,0
86,57172.32209876544,0.010213198153798841,0.0,51,6172.322098765443,150,0,1,7146.520878172805,0.8801063187651236,70.99869155007389,2,5146.520878172805,75,0,0
87,59551.68819622031,0.0001663767896736834,0.0,53,6551.688196220311,156,0,1,7292.525521185753,0.8496799244716609,66.69025861532964,2,5292.525521185753,77,0,0
88,57045.8920018235,0.017057019926642325,0.0,51,6045.892001823501,150,0,1,7101.278262099362,0.8440631837043301,39.548414662839505,2,5101.278262099362,80,0,0
89,53871.88781544073,0.003074425747123799,0.0,48,5871.887815440732,141,0,1,7093.199551265315,0.861429602202635,89.30184932808508,2,5093.199551265315,80,0,0
90,53033.43522370691,0.0,0.0,47,6033.43522370691,138,0,1,7048.79341197519,0.8501865599246693,99.99267006139908,2,5048.79341197519,73,0,0
91,59301.87736724617,0.003999726622813005,0.0,53,6301.877367246166,156,0,1,7365.807961612274,0.8790378352850462,61.81466781171468,2,5365.807961612274,79,0,0
92,56226.55884563896,0.008964385668055241,0.0,50,6226.558845638958,147,0,1,7002.272513122011,0.839789137000974,79.56079833392582,2,5002.272513122011,74,0,0
93,57184.21862310385,0.0,0.0,51,6184.218623103853,150,0,1,7203.255492735303,0.8216866030165503,58.5301328655489,2,5203.255492735303,75,0,0
94,51557.41711397265,0.010496253159979707,0.0,46,5557.417113972652,135,0,1,6702.700050487415,0.7856999164320974,54.884036561817645,2,4702.700050487415,76,0,0
95,57254.56649804532,0.005851086570300201,0.0,51,6254.56649804532,150,0,1,7494.517680730063,0.8124672669604226,66.26979952668074,2,5494.517680730063,81,0,0
96,58366.05290506084,0.004696529108913383,0.0,52,6366.052905060837,153,0,1,7168.876220624052,0.8790220814089837,69.74095099556519,2,5168.876220624052,76,0,0
97,52643.56072001952,0.0025552945357246726,0.0,47,5643.560720019525,138,0,1,7077.861058049672,0.8292598281914076,35.20220265145679,2,5077.861058049672,81,0,0
98,54065.330232833825,0.00553914998807481,0.0,48,6065.330232833827,141,0,1,7179.703017955356,0.8415894982544198,56.09752922775542,2,5179.703017955356,76,0,0
99,53739.77752506311,0.006325679152363373,0.0,48,5739.777525063108,141,0,1,7113.465804155563,0.8242873118233195,71.54536981936775,2,5113.465804155563,75,0,0
100,53870.87377055092,0.00024164078649990817,0.0,48,5870.873770550922,141,0,1,6967.177216804306,0.8592225744319537,61.814776074173835,2,4967.177216804306,75,0,0
