config_id,config_label,instance,run_idx,seed,n_neighbors,prob_neighbor_mating,decomposition,pbi_theta,n_evals,effective_evals,n_feasible,n_total,n_unique_obj,n_unique_feasible,n_f1_layers,best_f1,best_f2,best_f3,hv_raw,elapsed_s,timestamp,error
C1,canônica,r106_21,1,4018994955,20,0.9,tchebycheff,,300000,300090,105,105,27,27,4,29.0,2464.712325217968,98.92633772531403,0.0,674.492,2026-04-11T01:53:36,
C1,canônica,r106_21,2,216525834,20,0.9,tchebycheff,,300000,300090,105,105,39,39,4,27.0,2358.617851593311,55.87857225346774,0.0,691.693,2026-04-11T01:53:53,
C1,canônica,c101_21,4,2261423952,20,0.9,tchebycheff,,300000,300090,105,105,22,22,1,30.0,3558.379444059065,3468.831490458928,0.0,735.772,2026-04-11T01:54:37,
C1,canônica,c101_21,1,924464161,20,0.9,tchebycheff,,300000,300090,105,105,21,21,2,32.0,3559.533904392074,6121.812915013557,0.0,752.293,2026-04-11T01:54:53,
C1,canônica,c101_21,2,954006183,20,0.9,tchebycheff,,300000,300090,105,105,16,16,2,30.0,3831.6045391695534,5581.81387198818,0.0,755.589,2026-04-11T01:54:57,
C1,canônica,c101_21,3,4240964531,20,0.9,tchebycheff,,300000,300090,105,105,22,22,1,30.0,3696.030404306551,4548.670910098206,0.0,809.546,2026-04-11T01:55:51,
C1,canônica,c208_21,2,3432169548,20,0.9,tchebycheff,,300000,300090,105,105,25,25,1,10.0,3081.8959200114996,7665.518297796802,259297593589.61377,1184.223,2026-04-11T02:02:05,
C1,canônica,c208_21,4,1063610132,20,0.9,tchebycheff,,300000,300090,105,105,21,21,1,11.0,2871.150888256969,7987.518062515171,271942438517.2083,1186.825,2026-04-11T02:02:08,
C1,canônica,c208_21,1,2485647483,20,0.9,tchebycheff,,300000,300090,105,105,31,31,1,9.0,3182.6311104105125,6848.262541548977,254450295062.85074,1279.689,2026-04-11T02:03:41,
C1,canônica,c208_21,3,1365202169,20,0.9,tchebycheff,,300000,300090,105,105,36,36,1,10.0,2888.1723026071368,7535.608586705167,272950320921.0919,1290.908,2026-04-11T02:03:52,
C1,canônica,r106_21,3,3484149962,20,0.9,tchebycheff,,300000,300090,105,105,23,23,3,29.0,2490.6668535063695,108.54423226531513,0.0,694.185,2026-04-11T02:05:10,
C1,canônica,r106_21,4,921230012,20,0.9,tchebycheff,,300000,300090,105,105,31,31,3,28.0,2498.393984567437,253.66017295124215,0.0,704.026,2026-04-11T02:05:37,
C1,canônica,r201_21,2,2661788082,20,0.9,tchebycheff,,300000,300090,105,105,29,29,1,14.0,2637.408983258326,538.650690666696,0.0,916.553,2026-04-11T02:10:10,
C1,canônica,r201_21,3,514765854,20,0.9,tchebycheff,,300000,300090,105,105,26,26,2,10.0,2388.655136446444,804.2982992515532,0.0,930.118,2026-04-11T02:10:27,
C1,canônica,r201_21,1,4052726611,20,0.9,tchebycheff,,300000,300090,105,105,19,19,2,13.0,2669.783258545265,1394.310707265459,0.0,969.39,2026-04-11T02:10:46,
C1,canônica,r201_21,4,139005723,20,0.9,tchebycheff,,300000,300090,105,105,28,28,1,13.0,2499.861757757799,1095.8107264720602,0.0,931.661,2026-04-11T02:11:22,
C2,n_neigh=15,c101_21,1,2037157504,15,0.9,tchebycheff,,300000,300090,105,105,24,24,2,32.0,3608.147468470038,4333.233945323987,0.0,728.613,2026-04-11T02:14:14,
C2,n_neigh=15,c101_21,2,195494265,15,0.9,tchebycheff,,300000,300090,105,105,16,16,2,32.0,3719.9243410071967,4727.438728273437,0.0,763.765,2026-04-11T02:14:52,
C2,n_neigh=15,c101_21,4,3347948207,15,0.9,tchebycheff,,300000,300090,105,105,23,23,1,30.0,3728.8901348630725,3541.668608253462,0.0,776.065,2026-04-11T02:16:48,
C2,n_neigh=15,c101_21,3,3643593361,15,0.9,tchebycheff,,300000,300090,105,105,23,23,1,31.0,3870.9887795441014,4147.628174255609,0.0,795.441,2026-04-11T02:16:56,
C2,n_neigh=15,r106_21,1,1316405810,15,0.9,tchebycheff,,300000,300090,105,105,29,29,1,32.0,2659.0981559973625,69.71915083545302,0.0,707.717,2026-04-11T02:22:34,
C2,n_neigh=15,r106_21,2,286799652,15,0.9,tchebycheff,,300000,300090,105,105,36,36,2,29.0,2421.0555510657223,75.79688563338246,0.0,680.885,2026-04-11T02:22:43,
C2,n_neigh=15,c208_21,2,2619993312,15,0.9,tchebycheff,,300000,300090,105,105,30,30,1,12.0,3218.3767639021657,4674.1935251251425,247629775975.64767,1122.92,2026-04-11T02:24:20,
C2,n_neigh=15,c208_21,1,3448849682,15,0.9,tchebycheff,,300000,300090,105,105,31,31,1,10.0,2880.202434060643,1738.4447949287353,276676642195.77264,1167.702,2026-04-11T02:24:37,
C2,n_neigh=15,r106_21,3,3280766885,15,0.9,tchebycheff,,300000,300090,105,105,40,40,3,31.0,2552.2070819530154,206.28939167725824,0.0,685.609,2026-04-11T02:25:39,
C2,n_neigh=15,r106_21,4,2387755375,15,0.9,tchebycheff,,300000,300090,105,105,29,29,2,28.0,2333.0485448547447,54.04066059175405,0.0,666.998,2026-04-11T02:25:59,
C2,n_neigh=15,c208_21,4,2013534826,15,0.9,tchebycheff,,300000,300090,105,105,29,29,1,11.0,3487.2157544731276,5997.050439169248,229991051028.00836,1187.021,2026-04-11T02:30:14,
C2,n_neigh=15,c208_21,3,2617648884,15,0.9,tchebycheff,,300000,300090,105,105,33,33,1,10.0,2971.333987619542,6342.235426454432,267755065346.98685,1234.91,2026-04-11T02:30:45,
C2,n_neigh=15,r201_21,1,866757100,15,0.9,tchebycheff,,300000,300090,105,105,29,29,2,11.0,2765.4500282553818,480.51620264925316,0.0,902.938,2026-04-11T02:31:51,
C2,n_neigh=15,r201_21,2,3905840399,15,0.9,tchebycheff,,300000,300090,105,105,42,42,3,9.0,2397.2626806262606,286.5936826463114,0.0,955.449,2026-04-11T02:32:52,
C3,n_neigh=10,c101_21,1,724721563,10,0.9,tchebycheff,,300000,300090,105,105,19,19,1,30.0,3501.7988512181573,3470.9704684616977,0.0,729.52,2026-04-11T02:36:29,
C3,n_neigh=10,c101_21,2,1664555488,10,0.9,tchebycheff,,300000,300090,105,105,30,30,1,31.0,3682.9237440777115,6443.786424864741,0.0,769.98,2026-04-11T02:37:27,
C3,n_neigh=10,c101_21,4,3975882131,10,0.9,tchebycheff,,300000,300090,105,105,28,28,2,31.0,3561.4285112532457,3075.5276074182084,0.0,740.949,2026-04-11T02:38:20,
C2,n_neigh=15,r201_21,3,3280235900,15,0.9,tchebycheff,,300000,300090,105,105,31,31,1,13.0,2869.3375006352144,1796.6050719092768,0.0,997.335,2026-04-11T02:39:11,
C3,n_neigh=10,c101_21,3,951123163,10,0.9,tchebycheff,,300000,300090,105,105,29,29,3,32.0,4020.4116932195884,5351.244115290675,0.0,820.664,2026-04-11T02:39:20,
C2,n_neigh=15,r201_21,4,2709274082,15,0.9,tchebycheff,,300000,300090,105,105,30,30,2,11.0,2616.950001656908,1198.3436101398108,0.0,1011.662,2026-04-11T02:39:35,
C3,n_neigh=10,r106_21,1,4127973926,10,0.9,tchebycheff,,300000,300090,105,105,34,34,4,29.0,2387.867038350976,76.90914547816675,0.0,663.835,2026-04-11T02:47:33,
C3,n_neigh=10,c208_21,1,1709121481,10,0.9,tchebycheff,,300000,300090,105,105,42,42,1,12.0,3114.579947493477,28.01562118716447,257194331106.10965,1041.255,2026-04-11T02:47:35,
C3,n_neigh=10,r106_21,2,956837744,10,0.9,tchebycheff,,300000,300090,105,105,47,47,4,30.0,2439.4885798385503,21.420874404774466,0.0,689.944,2026-04-11T02:48:57,
C3,n_neigh=10,r106_21,3,2423310944,10,0.9,tchebycheff,,300000,300090,105,105,40,40,3,29.0,2464.953153795292,90.25520826421827,0.0,668.865,2026-04-11T02:49:28,
C3,n_neigh=10,r106_21,4,806686505,10,0.9,tchebycheff,,300000,300090,105,105,41,41,5,29.0,2493.601444841533,168.10870828130268,0.0,688.016,2026-04-11T02:50:39,
C3,n_neigh=10,c208_21,2,2353647661,10,0.9,tchebycheff,,300000,300090,105,105,39,39,1,9.0,3020.978277927984,4882.454723050671,266923276112.44498,1223.662,2026-04-11T02:51:08,
C3,n_neigh=10,c208_21,4,8850545,10,0.9,tchebycheff,,300000,300090,105,105,40,40,1,11.0,3054.2168306843378,1982.3591165451853,262315505492.26166,1114.542,2026-04-11T02:51:26,
C3,n_neigh=10,c208_21,3,1663040386,10,0.9,tchebycheff,,300000,300090,105,105,39,39,1,9.0,2738.8830201516716,4471.589081999517,287187712046.0531,1245.26,2026-04-11T02:52:36,
C3,n_neigh=10,r201_21,1,802432557,10,0.9,tchebycheff,,300000,300090,105,105,46,46,2,12.0,2819.340463040901,192.4909879645069,0.0,800.546,2026-04-11T02:52:41,
C3,n_neigh=10,r201_21,2,2012623649,10,0.9,tchebycheff,,300000,300090,105,105,45,45,2,12.0,2600.349414652812,437.24876906708994,0.0,887.789,2026-04-11T02:54:23,
C3,n_neigh=10,r201_21,3,1302779046,10,0.9,tchebycheff,,300000,300090,105,105,41,41,1,14.0,2672.236985842395,124.1962349379767,0.0,791.798,2026-04-11T03:00:45,
C4,n_neigh=5,c101_21,2,327012471,5,0.9,tchebycheff,,300000,300090,105,105,44,44,1,30.0,3416.1086894542104,3411.3815929083826,0.0,738.324,2026-04-11T03:01:47,
C4,n_neigh=5,c101_21,1,1329355649,5,0.9,tchebycheff,,300000,300090,105,105,50,50,4,30.0,3772.1029924396175,3216.6001560110476,0.0,771.503,2026-04-11T03:01:49,
C3,n_neigh=10,r201_21,4,387342104,10,0.9,tchebycheff,,300000,300090,105,105,37,37,1,12.0,2223.371673307626,390.04913294955617,0.0,877.566,2026-04-11T03:02:13,
C4,n_neigh=5,c101_21,4,2031651644,5,0.9,tchebycheff,,300000,300090,105,105,44,44,2,31.0,3701.434545158031,2724.035236174891,0.0,750.099,2026-04-11T03:03:39,
C4,n_neigh=5,c101_21,3,2209517629,5,0.9,tchebycheff,,300000,300090,105,105,44,44,3,30.0,3788.7148137158665,4306.070791284444,0.0,781.581,2026-04-11T03:03:41,
C4,n_neigh=5,c208_21,1,5154587,5,0.9,tchebycheff,,300000,300090,105,105,50,50,1,12.0,3339.14766208407,1816.7093086956897,240587922858.9595,1094.552,2026-04-11T03:09:41,
C4,n_neigh=5,c208_21,3,1029249699,5,0.9,tchebycheff,,300000,300090,105,105,52,52,1,11.0,2943.101172546215,1815.5474308864273,270225807897.12823,1090.037,2026-04-11T03:10:51,
C4,n_neigh=5,c208_21,2,867978338,5,0.9,tchebycheff,,300000,300090,105,105,51,51,1,11.0,3275.138792014684,2995.052946174237,246266558067.4812,1157.774,2026-04-11T03:11:54,
C4,n_neigh=5,r106_21,1,2510743894,5,0.9,tchebycheff,,300000,300090,105,105,45,45,3,29.0,2616.3136708480233,42.83133124381881,0.0,690.368,2026-04-11T03:12:15,
C4,n_neigh=5,c208_21,4,3706364542,5,0.9,tchebycheff,,300000,300090,105,105,54,54,1,11.0,2942.349238203353,138.4214066112886,271174679025.08145,1117.042,2026-04-11T03:13:00,
C4,n_neigh=5,r106_21,2,1405550250,5,0.9,tchebycheff,,300000,300090,105,105,51,51,4,27.0,2350.0183902894705,72.04712179518265,0.0,673.821,2026-04-11T03:13:01,
C4,n_neigh=5,r106_21,3,2329702590,5,0.9,tchebycheff,,300000,300090,105,105,51,51,2,29.0,2368.282623971464,31.34088372511018,0.0,679.268,2026-04-11T03:13:08,
C4,n_neigh=5,r106_21,4,543036763,5,0.9,tchebycheff,,300000,300090,105,105,64,64,6,27.0,2368.277653669783,60.25819777393025,0.0,671.283,2026-04-11T03:13:24,
C4,n_neigh=5,r201_21,2,3119415979,5,0.9,tchebycheff,,300000,300090,105,105,55,55,2,13.0,2635.2065288732015,156.24688565290788,0.0,776.587,2026-04-11T03:16:37,
C4,n_neigh=5,r201_21,1,3893792557,5,0.9,tchebycheff,,300000,300090,105,105,52,52,1,12.0,2586.7641504497383,915.3371092421248,0.0,991.844,2026-04-11T03:20:10,
C4,n_neigh=5,r201_21,3,132379215,5,0.9,tchebycheff,,300000,300090,105,105,52,52,1,13.0,2714.2559655321857,281.72520726088067,0.0,872.429,2026-04-11T03:24:13,
C4,n_neigh=5,r201_21,4,2323014364,5,0.9,tchebycheff,,300000,300090,105,105,50,50,2,13.0,2887.56080277661,364.5626223764341,0.0,817.732,2026-04-11T03:24:28,
C5,n_neigh=3,c101_21,2,2708801470,3,0.9,tchebycheff,,300000,300090,105,105,60,60,4,29.0,3659.1238421840494,2538.8788124565435,0.0,769.809,2026-04-11T03:25:05,
C5,n_neigh=3,c101_21,1,3759756090,3,0.9,tchebycheff,,300000,300090,105,105,56,56,3,31.0,3752.1863854123208,3574.5332211163077,0.0,793.638,2026-04-11T03:25:08,
C5,n_neigh=3,c101_21,3,961626471,3,0.9,tchebycheff,,300000,300090,105,105,57,57,3,31.0,3605.3281490680247,3626.2805649985494,0.0,738.95,2026-04-11T03:25:19,
C5,n_neigh=3,c101_21,4,390917652,3,0.9,tchebycheff,,300000,300090,105,105,56,56,3,30.0,3771.2408714616613,2965.1355139826505,0.0,772.578,2026-04-11T03:25:53,
C5,n_neigh=3,c208_21,1,3068528682,3,0.9,tchebycheff,,300000,300090,105,105,60,60,1,11.0,3353.929287154671,202.4758745367559,242059396003.87793,1101.006,2026-04-11T03:31:29,
C5,n_neigh=3,c208_21,2,317292641,3,0.9,tchebycheff,,300000,300090,105,105,59,59,1,11.0,3487.740976861258,1534.3463263418573,231998324937.31253,1101.977,2026-04-11T03:31:46,
C5,n_neigh=3,c208_21,3,527514350,3,0.9,tchebycheff,,300000,300090,105,105,61,61,1,11.0,3184.174164514838,1243.1681670831838,253530756812.31302,1093.212,2026-04-11T03:34:51,
C5,n_neigh=3,r106_21,1,372964430,3,0.9,tchebycheff,,300000,300090,105,105,63,63,5,27.0,2327.783730784233,105.69819526234387,0.0,674.061,2026-04-11T03:35:27,
C5,n_neigh=3,r106_21,2,2848175426,3,0.9,tchebycheff,,300000,300090,105,105,64,64,3,27.0,2335.609478534115,127.07895737294203,0.0,686.372,2026-04-11T03:35:55,
C5,n_neigh=3,r106_21,3,2587693159,3,0.9,tchebycheff,,300000,300090,105,105,71,71,7,25.0,2376.3167719318017,108.4457689966966,0.0,698.492,2026-04-11T03:36:44,
C5,n_neigh=3,r106_21,4,4077232059,3,0.9,tchebycheff,,300000,300090,105,105,66,66,6,27.0,2364.2973375968595,76.47010686248021,0.0,697.63,2026-04-11T03:36:45,
C5,n_neigh=3,c208_21,4,2694677035,3,0.9,tchebycheff,,300000,300090,105,105,64,64,1,12.0,3525.912978496371,1672.2102354736944,227596079469.355,1122.653,2026-04-11T03:38:53,
C5,n_neigh=3,r201_21,1,867321865,3,0.9,tchebycheff,,300000,300090,105,105,59,59,2,13.0,2530.616047224885,202.29553818993912,0.0,829.618,2026-04-11T03:39:08,
C5,n_neigh=3,r201_21,2,2885951626,3,0.9,tchebycheff,,300000,300090,105,105,64,64,3,12.0,2805.1342228982776,227.77994423368872,0.0,843.788,2026-04-11T03:39:57,
C5,n_neigh=3,r201_21,3,3768921978,3,0.9,tchebycheff,,300000,300090,105,105,68,68,4,13.0,2503.864223748151,156.42034698785193,0.0,801.798,2026-04-11T03:44:51,
C5,n_neigh=3,r201_21,4,1044124360,3,0.9,tchebycheff,,300000,300090,105,105,62,62,2,13.0,2735.3722615289357,404.5722278314486,0.0,841.465,2026-04-11T03:45:47,
C6,prob=0.7,c101_21,2,2358371808,10,0.7,tchebycheff,,300000,300090,105,105,25,25,2,29.0,3405.008218796268,5112.320121498979,0.0,720.581,2026-04-11T03:47:28,
C6,prob=0.7,c101_21,1,679319305,10,0.7,tchebycheff,,300000,300090,105,105,21,21,2,29.0,3414.563066037312,4264.248827214672,0.0,758.476,2026-04-11T03:47:29,
C6,prob=0.7,c101_21,3,2732694971,10,0.7,tchebycheff,,300000,300090,105,105,34,34,3,31.0,3691.181990576043,4756.6914065061555,0.0,740.369,2026-04-11T03:48:15,
C6,prob=0.7,c101_21,4,646473239,10,0.7,tchebycheff,,300000,300090,105,105,24,24,2,31.0,3837.2667508095037,3184.5030680583513,0.0,755.708,2026-04-11T03:49:19,
C6,prob=0.7,c208_21,2,2822908497,10,0.7,tchebycheff,,300000,300090,105,105,39,39,1,12.0,2946.21774353203,2621.570486726576,267631755677.84094,1030.761,2026-04-11T03:56:04,
C6,prob=0.7,r106_21,1,881130364,10,0.7,tchebycheff,,300000,300090,105,105,33,33,2,31.0,2457.3334676764416,135.728614836911,0.0,681.884,2026-04-11T03:56:13,
C6,prob=0.7,c208_21,1,2990592667,10,0.7,tchebycheff,,300000,300090,105,105,38,38,1,10.0,3209.790038505508,6885.805576593193,250718260679.16498,1202.714,2026-04-11T03:56:48,
C6,prob=0.7,r106_21,2,718666281,10,0.7,tchebycheff,,300000,300090,105,105,37,37,3,29.0,2483.1380971401213,14.83414883179401,0.0,666.318,2026-04-11T03:56:54,
C6,prob=0.7,c208_21,3,2989731654,10,0.7,tchebycheff,,300000,300090,105,105,33,33,1,12.0,3299.966878233247,4578.172124338707,242003983674.4227,1125.881,2026-04-11T03:57:54,
C6,prob=0.7,r106_21,4,2729729967,10,0.7,tchebycheff,,300000,300090,105,105,33,33,2,30.0,2504.993768804608,85.99310754982663,0.0,668.537,2026-04-11T03:58:38,
C6,prob=0.7,r106_21,3,941062313,10,0.7,tchebycheff,,300000,300090,105,105,34,34,6,26.0,2447.7873915598066,71.49549407264918,0.0,675.575,2026-04-11T03:58:43,
C6,prob=0.7,c208_21,4,1039790379,10,0.7,tchebycheff,,300000,300090,105,105,36,36,1,11.0,3013.958717357631,3490.5468250836307,264356231914.16345,1148.759,2026-04-11T03:59:06,
C6,prob=0.7,r201_21,1,579949656,10,0.7,tchebycheff,,300000,300090,105,105,36,36,1,15.0,2630.006668553884,213.76037898761768,0.0,827.449,2026-04-11T04:02:03,
C6,prob=0.7,r201_21,2,3791761399,10,0.7,tchebycheff,,300000,300090,105,105,42,42,2,13.0,2563.568804401255,166.82881251130138,0.0,804.714,2026-04-11T04:02:44,
C7,prob=0.5,c101_21,2,1735104786,10,0.5,tchebycheff,,300000,300090,105,105,14,14,1,28.0,3582.906782132721,3287.9543222315665,0.0,760.326,2026-04-11T04:09:34,
C7,prob=0.5,c101_21,1,3416649730,10,0.5,tchebycheff,,300000,300090,105,105,21,21,2,31.0,3876.92289187069,5280.426131091487,0.0,782.415,2026-04-11T04:09:50,
C7,prob=0.5,c101_21,4,414477646,10,0.5,tchebycheff,,300000,300090,105,105,24,24,2,29.0,3358.9093480914976,5434.191470291166,0.0,717.563,2026-04-11T04:10:35,
C6,prob=0.7,r201_21,4,502721852,10,0.7,tchebycheff,,300000,300090,105,105,39,39,2,13.0,2538.669123973729,607.7754236304329,0.0,888.453,2026-04-11T04:11:01,
C7,prob=0.5,c101_21,3,1665167062,10,0.5,tchebycheff,,300000,300090,105,105,25,25,1,32.0,3997.8075699157844,3341.3992582484943,0.0,796.524,2026-04-11T04:11:11,
C6,prob=0.7,r201_21,3,2321221701,10,0.7,tchebycheff,,300000,300090,105,105,49,49,1,12.0,2468.9371132823794,1143.9120565635585,0.0,956.29,2026-04-11T04:12:00,
C7,prob=0.5,c208_21,2,3739742524,10,0.5,tchebycheff,,300000,300090,105,105,32,32,1,11.0,3164.841227751231,3871.262601826595,253576501543.451,1140.241,2026-04-11T04:18:06,
C7,prob=0.5,c208_21,1,1668600045,10,0.5,tchebycheff,,300000,300090,105,105,40,40,1,9.0,3024.8757932605613,4705.828055733805,266744906871.754,1243.674,2026-04-11T04:19:27,
C7,prob=0.5,c208_21,3,1554769158,10,0.5,tchebycheff,,300000,300090,105,105,36,36,1,12.0,3328.3532978510975,7633.577302004913,238573629742.41867,1095.402,2026-04-11T04:20:18,
C7,prob=0.5,r106_21,1,2651644929,10,0.5,tchebycheff,,300000,300090,105,105,47,47,4,28.0,2371.307847662962,136.1205871451266,0.0,654.708,2026-04-11T04:20:29,
C7,prob=0.5,r106_21,2,1262377751,10,0.5,tchebycheff,,300000,300090,105,105,35,35,4,27.0,2453.0124212108644,58.96303378603068,0.0,700.723,2026-04-11T04:21:31,
C7,prob=0.5,r106_21,3,2745733338,10,0.5,tchebycheff,,300000,300090,105,105,38,38,3,29.0,2485.284135953916,41.833878518162265,0.0,674.524,2026-04-11T04:21:50,
C7,prob=0.5,c208_21,4,815874603,10,0.5,tchebycheff,,300000,300090,105,105,38,38,1,11.0,3110.3983081592232,2583.953014202427,258054522198.82883,1158.816,2026-04-11T04:22:03,
C7,prob=0.5,r106_21,4,188927139,10,0.5,tchebycheff,,300000,300090,105,105,41,41,3,31.0,2586.962622456084,74.8985327988475,0.0,676.978,2026-04-11T04:22:18,
C7,prob=0.5,r201_21,1,3050207400,10,0.5,tchebycheff,,300000,300090,105,105,33,33,2,13.0,2527.242945481002,274.56067157693053,0.0,824.007,2026-04-11T04:24:55,
C7,prob=0.5,r201_21,2,1176204404,10,0.5,tchebycheff,,300000,300090,105,105,42,42,2,13.0,2536.8413083542446,351.09124487608574,0.0,875.093,2026-04-11T04:26:35,
C7,prob=0.5,r201_21,3,2799207936,10,0.5,tchebycheff,,300000,300090,105,105,33,33,1,14.0,2673.4745473264475,276.3981224041479,0.0,830.326,2026-04-11T04:31:56,
C8,PBI(5),c101_21,2,2002684420,10,0.9,pbi,5.0,300000,300090,105,105,22,22,2,28.0,3674.5003100145323,4894.366660309056,0.0,751.549,2026-04-11T04:33:00,
C7,prob=0.5,r201_21,4,885380233,10,0.5,tchebycheff,,300000,300090,105,105,38,38,2,12.0,2503.622817245199,174.45147754053707,0.0,813.824,2026-04-11T04:33:01,
C8,PBI(5),c101_21,1,2463879089,10,0.9,pbi,5.0,300000,300090,105,105,29,29,3,30.0,3804.686736381018,2475.317872592975,0.0,791.512,2026-04-11T04:33:30,
C8,PBI(5),c101_21,3,3310909536,10,0.9,pbi,5.0,300000,300090,105,105,29,29,2,31.0,3530.6243222578855,1837.2388943704225,0.0,728.851,2026-04-11T04:33:40,
C8,PBI(5),c101_21,4,2023586176,10,0.9,pbi,5.0,300000,300090,105,105,29,29,2,29.0,3375.739010939966,4234.820286109418,0.0,772.0,2026-04-11T04:34:42,
C8,PBI(5),c208_21,1,3010385958,10,0.9,pbi,5.0,300000,300090,105,105,36,36,1,11.0,3318.862186763412,7502.218400362829,241026786411.4881,1208.804,2026-04-11T04:42:12,
C8,PBI(5),c208_21,2,3712569903,10,0.9,pbi,5.0,300000,300090,105,105,34,34,1,10.0,3170.221197981699,3675.287739959771,255120442626.1431,1231.046,2026-04-11T04:42:49,
C8,PBI(5),c208_21,3,847167546,10,0.9,pbi,5.0,300000,300090,105,105,37,37,1,11.0,3175.5096817128533,971.8411686584993,254282559517.3095,1105.483,2026-04-11T04:43:20,
C8,PBI(5),r106_21,1,1092190053,10,0.9,pbi,5.0,300000,300090,105,105,35,35,4,31.0,2586.4129022574048,26.658526284006513,0.0,687.57,2026-04-11T04:43:24,
C8,PBI(5),r106_21,2,1880618564,10,0.9,pbi,5.0,300000,300090,105,105,44,44,3,29.0,2399.577089906919,52.19650050536718,0.0,660.975,2026-04-11T04:44:01,
C8,PBI(5),r106_21,3,4116756750,10,0.9,pbi,5.0,300000,300090,105,105,32,32,3,29.0,2514.426884968918,63.43826013400712,0.0,685.932,2026-04-11T04:44:27,
C8,PBI(5),r106_21,4,824957414,10,0.9,pbi,5.0,300000,300090,105,105,35,35,3,28.0,2522.782003748502,85.58793695933203,0.0,711.39,2026-04-11T04:45:21,
C8,PBI(5),c208_21,4,1596689505,10,0.9,pbi,5.0,300000,300090,105,105,39,39,1,11.0,3248.4323711852194,2657.5669685568737,248309551516.15372,1143.428,2026-04-11T04:45:39,
C8,PBI(5),r201_21,2,2463774773,10,0.9,pbi,5.0,300000,300090,105,105,44,44,2,12.0,2340.1168012096073,376.0131358773019,0.0,865.797,2026-04-11T04:49:08,
C8,PBI(5),r201_21,1,3058708744,10,0.9,pbi,5.0,300000,300090,105,105,43,43,1,11.0,2351.2643061108365,604.4619794753039,0.0,975.864,2026-04-11T04:49:56,
C9,WeightedSum,c101_21,1,268219211,10,0.9,weighted-sum,,300000,300090,105,105,40,40,6,16.0,2033.352928007682,3790.4328861291197,0.0,722.636,2026-04-11T04:55:23,
C9,WeightedSum,c101_21,2,2085499606,10,0.9,weighted-sum,,300000,300090,105,105,19,19,5,18.0,2221.9407891165247,2630.6611927164568,0.0,749.206,2026-04-11T04:55:53,
C8,PBI(5),r201_21,4,992882364,10,0.9,pbi,5.0,300000,300090,105,105,40,40,2,13.0,2660.2679442859253,54.933612398431194,0.0,795.01,2026-04-11T04:56:04,
C9,WeightedSum,c101_21,3,1917549210,10,0.9,weighted-sum,,300000,300090,105,105,34,34,7,20.0,2034.657609215311,5258.433538095587,0.0,764.598,2026-04-11T04:56:46,
C9,WeightedSum,c101_21,4,2542391813,10,0.9,weighted-sum,,300000,300090,105,105,37,37,6,17.0,2174.178793461723,5387.112191779048,0.0,785.733,2026-04-11T04:57:33,
C8,PBI(5),r201_21,3,2959741680,10,0.9,pbi,5.0,300000,300090,105,105,41,41,1,11.0,2752.8186181000247,1799.3252240980712,0.0,1014.413,2026-04-11T04:59:06,
C9,WeightedSum,c208_21,1,4058009754,10,0.9,weighted-sum,,300000,300090,105,105,34,34,2,6.0,1306.1836703222834,0.0,396753227664.2488,1152.36,2026-04-11T05:04:33,
C9,WeightedSum,c208_21,2,1472908342,10,0.9,weighted-sum,,300000,300090,105,105,24,24,3,6.0,1413.8283317553446,7108.7183751224065,377735766166.3662,1154.098,2026-04-11T05:04:53,
C9,WeightedSum,r106_21,1,2245589357,10,0.9,weighted-sum,,300000,300090,105,105,47,47,13,19.0,1936.0210877661366,29.139051892454653,0.0,635.496,2026-04-11T05:05:58,
C9,WeightedSum,r106_21,2,290751721,10,0.9,weighted-sum,,300000,300090,105,105,56,56,11,20.0,1875.8672538256121,22.035656329229454,0.0,659.071,2026-04-11T05:06:52,
C9,WeightedSum,r106_21,3,4136764781,10,0.9,weighted-sum,,300000,300090,105,105,49,49,12,22.0,2041.4633503974464,9.466529036199574,0.0,659.432,2026-04-11T05:07:04,
C9,WeightedSum,c208_21,3,3878019751,10,0.9,weighted-sum,,300000,300090,105,105,40,40,4,6.0,1459.2130939633626,3539.6090897964737,374970836869.03217,1105.925,2026-04-11T05:07:33,
C9,WeightedSum,r106_21,4,1685108204,10,0.9,weighted-sum,,300000,300090,105,105,49,49,11,19.0,1889.58700782456,7.945859098384432,0.0,649.878,2026-04-11T05:07:36,
C9,WeightedSum,c208_21,4,1404289238,10,0.9,weighted-sum,,300000,300090,105,105,38,38,4,5.0,1356.8897593591405,2125.916190658029,388342315990.3801,1120.285,2026-04-11T05:08:36,
C9,WeightedSum,r201_21,1,3911971250,10,0.9,weighted-sum,,300000,300090,105,105,44,44,4,7.0,1380.443100468881,243.03564708576772,0.0,822.56,2026-04-11T05:11:15,
C9,WeightedSum,r201_21,2,3593304614,10,0.9,weighted-sum,,300000,300090,105,105,48,48,3,9.0,1411.6767366938402,316.59699058135425,0.0,848.346,2026-04-11T05:13:14,
C9,WeightedSum,r201_21,4,3590101666,10,0.9,weighted-sum,,300000,300090,105,105,43,43,6,8.0,1271.4518370725423,108.88305244845242,0.0,770.006,2026-04-11T05:17:43,
C10,n5+p0.7+PBI,c101_21,1,225910528,5,0.7,pbi,5.0,300000,300090,105,105,45,45,2,31.0,3582.1698837400377,2434.305774463391,0.0,755.164,2026-04-11T05:18:33,
C9,WeightedSum,r201_21,3,2716545702,10,0.9,weighted-sum,,300000,300090,105,105,42,42,6,7.0,1333.3120455161659,246.8812686054852,0.0,864.55,2026-04-11T05:18:58,
C10,n5+p0.7+PBI,c101_21,2,939143037,5,0.7,pbi,5.0,300000,300090,105,105,49,49,3,30.0,3533.946247809471,4697.49231555546,0.0,758.986,2026-04-11T05:19:31,
C10,n5+p0.7+PBI,c101_21,3,3857233598,5,0.7,pbi,5.0,300000,300090,105,105,43,43,2,32.0,3790.443949945731,3751.2868890891177,0.0,779.09,2026-04-11T05:20:03,
C10,n5+p0.7+PBI,c101_21,4,3581941011,5,0.7,pbi,5.0,300000,300090,105,105,42,42,1,32.0,3807.938771484419,2120.4739275146085,0.0,766.696,2026-04-11T05:20:20,
C10,n5+p0.7+PBI,c208_21,1,2539745806,5,0.7,pbi,5.0,300000,300090,105,105,55,55,1,10.0,3030.955411528317,2734.0617138118314,265456671731.77942,1152.732,2026-04-11T05:26:48,
C10,n5+p0.7+PBI,c208_21,2,738722663,5,0.7,pbi,5.0,300000,300090,105,105,56,56,1,11.0,3159.9166297698057,1138.1037501400185,255299153966.34143,1101.476,2026-04-11T05:26:58,
C10,n5+p0.7+PBI,r106_21,1,608455815,5,0.7,pbi,5.0,300000,300090,105,105,51,51,4,29.0,2567.794751772177,138.9853285025085,0.0,699.321,2026-04-11T05:29:22,
C10,n5+p0.7+PBI,r106_21,2,2313425393,5,0.7,pbi,5.0,300000,300090,105,105,58,58,7,29.0,2558.5509222846295,117.36610643384702,0.0,690.71,2026-04-11T05:30:04,
C10,n5+p0.7+PBI,c208_21,3,771153131,5,0.7,pbi,5.0,300000,300090,105,105,51,51,1,11.0,3245.105540886511,4381.282175171555,247695996973.09518,1138.544,2026-04-11T05:30:14,
C10,n5+p0.7+PBI,r106_21,3,3050027008,5,0.7,pbi,5.0,300000,300090,105,105,46,46,2,29.0,2563.86921036376,100.54469107129479,0.0,690.537,2026-04-11T05:30:28,
C10,n5+p0.7+PBI,r106_21,4,499130308,5,0.7,pbi,5.0,300000,300090,105,105,52,52,3,28.0,2372.310780970525,72.15149363428412,0.0,679.792,2026-04-11T05:30:51,
C10,n5+p0.7+PBI,c208_21,4,226845057,5,0.7,pbi,5.0,300000,300090,105,105,51,51,1,11.0,3164.372394386774,1298.6603662260725,254903427888.56036,1108.538,2026-04-11T05:31:43,
C10,n5+p0.7+PBI,r201_21,1,169789371,5,0.7,pbi,5.0,300000,300090,105,105,46,46,2,12.0,2756.6453547698216,185.07054048718464,0.0,796.643,2026-04-11T05:33:19,
C10,n5+p0.7+PBI,r201_21,2,2504975860,5,0.7,pbi,5.0,300000,300090,105,105,52,52,1,14.0,2408.0577537458016,201.30294938488382,0.0,839.377,2026-04-11T05:34:20,
C10,n5+p0.7+PBI,r201_21,3,105344620,5,0.7,pbi,5.0,300000,300090,105,105,48,48,3,12.0,2565.0010414072435,114.08257593656708,0.0,844.617,2026-04-11T05:40:53,
C11,n5+WS,c101_21,1,550334997,5,0.9,weighted-sum,,300000,300090,105,105,52,52,9,18.0,2102.9583478428517,4924.084398157194,0.0,736.126,2026-04-11T05:41:38,
C10,n5+p0.7+PBI,r201_21,4,214205173,5,0.7,pbi,5.0,300000,300090,105,105,48,48,2,12.0,2816.5633646291753,635.0188756557806,0.0,889.384,2026-04-11T05:41:47,
C11,n5+WS,c101_21,2,1061403178,5,0.9,weighted-sum,,300000,300090,105,105,51,51,11,18.0,2088.3244119582855,4073.614584297885,0.0,736.138,2026-04-11T05:42:20,
C11,n5+WS,c101_21,4,2881000981,5,0.9,weighted-sum,,300000,300090,105,105,46,46,7,18.0,2163.91796704845,3378.092542907088,0.0,712.687,2026-04-11T05:42:21,
C11,n5+WS,c101_21,3,4144506189,5,0.9,weighted-sum,,300000,300090,105,105,45,45,13,19.0,2183.242914056396,3041.1131445469605,0.0,745.198,2026-04-11T05:42:39,
C11,n5+WS,c208_21,1,4260889333,5,0.9,weighted-sum,,300000,300090,105,105,52,52,4,5.0,1485.4693282489964,1861.7299219718782,377399117736.856,1125.646,2026-04-11T05:49:37,
C11,n5+WS,c208_21,2,2578854515,5,0.9,weighted-sum,,300000,300090,105,105,53,53,3,6.0,1353.37932033952,599.6873556797111,382986066006.80194,1092.878,2026-04-11T05:49:56,
C11,n5+WS,r106_21,1,1196292805,5,0.9,weighted-sum,,300000,300090,105,105,53,53,11,22.0,1917.6752742264287,6.8100233361119535,0.0,640.636,2026-04-11T05:51:34,
C11,n5+WS,c208_21,3,2268991901,5,0.9,weighted-sum,,300000,300090,105,105,52,52,4,6.0,1325.199031448053,3631.1958818407684,382868158259.6887,1099.739,2026-04-11T05:51:39,
C11,n5+WS,c208_21,4,1507270832,5,0.9,weighted-sum,,300000,300090,105,105,52,52,3,6.0,1323.5171461220716,1789.9429488881979,388872648316.45776,1083.889,2026-04-11T05:52:23,
C11,n5+WS,r106_21,2,1760593692,5,0.9,weighted-sum,,300000,300090,105,105,61,61,15,18.0,1716.2764464241004,46.32084690436777,0.0,655.627,2026-04-11T05:52:34,
C11,n5+WS,r106_21,3,2103152045,5,0.9,weighted-sum,,300000,300090,105,105,50,50,13,19.0,1856.9483690196873,0.6014705087354457,0.0,667.485,2026-04-11T05:52:54,
C11,n5+WS,r106_21,4,186133248,5,0.9,weighted-sum,,300000,300090,105,105,60,60,12,20.0,1851.396897298081,39.254542343539825,0.0,663.906,2026-04-11T05:53:24,
C11,n5+WS,r201_21,2,2093752223,5,0.9,weighted-sum,,300000,300090,105,105,55,55,5,7.0,1297.5833283725474,9.785067203198821,0.0,793.401,2026-04-11T05:55:52,
C11,n5+WS,r201_21,1,2592595231,5,0.9,weighted-sum,,300000,300090,105,105,53,53,4,7.0,1307.421267964758,130.67019978828222,0.0,816.976,2026-04-11T05:55:58,
C11,n5+WS,r201_21,3,1183158327,5,0.9,weighted-sum,,300000,300090,105,105,54,54,4,9.0,1446.4218671586148,216.89164717369502,0.0,800.8,2026-04-11T06:02:57,
C11,n5+WS,r201_21,4,4197477055,5,0.9,weighted-sum,,300000,300090,105,105,49,49,6,8.0,1365.829831543661,315.7793671583922,0.0,820.87,2026-04-11T06:03:37,
C12,extremo(n3+p0.5+PBI),c101_21,2,3749288638,3,0.5,pbi,5.0,300000,300090,105,105,54,54,2,31.0,3609.271176553555,3841.055720548308,0.0,737.691,2026-04-11T06:03:57,
C12,extremo(n3+p0.5+PBI),c101_21,1,3959651989,3,0.5,pbi,5.0,300000,300090,105,105,53,53,3,29.0,3743.602479227684,2199.1001126880556,0.0,763.592,2026-04-11T06:04:17,
C12,extremo(n3+p0.5+PBI),c101_21,3,1778074628,3,0.5,pbi,5.0,300000,300090,105,105,56,56,2,31.0,3706.04737359916,3705.4601895448736,0.0,765.846,2026-04-11T06:05:09,
C12,extremo(n3+p0.5+PBI),c101_21,4,1459904735,3,0.5,pbi,5.0,300000,300090,105,105,58,58,2,30.0,3730.333204178398,3648.5861391418807,0.0,770.299,2026-04-11T06:05:24,
C12,extremo(n3+p0.5+PBI),c208_21,2,1981485966,3,0.5,pbi,5.0,300000,300090,105,105,64,64,1,10.0,2849.0616891213867,604.7506722724568,279508079428.00977,1100.6,2026-04-11T06:11:45,
C12,extremo(n3+p0.5+PBI),c208_21,1,2391965014,3,0.5,pbi,5.0,300000,300090,105,105,60,60,1,12.0,3499.56703909781,1137.379785625565,229680550028.68524,1164.733,2026-04-11T06:12:19,
C12,extremo(n3+p0.5+PBI),c208_21,4,290548307,3,0.5,pbi,5.0,300000,300090,105,105,58,58,1,12.0,3148.8668677294677,379.52114643671257,254617171354.5247,1065.611,2026-04-11T06:13:44,
C12,extremo(n3+p0.5+PBI),r106_21,1,3349682173,3,0.5,pbi,5.0,300000,300090,105,105,69,69,6,27.0,2507.5680349392255,86.2300242883599,0.0,678.228,2026-04-11T06:14:16,
C12,extremo(n3+p0.5+PBI),c208_21,3,3847707829,3,0.5,pbi,5.0,300000,300090,105,105,60,60,1,11.0,3110.596517015023,2870.5453195071254,257894074615.1524,1105.541,2026-04-11T06:14:18,
C12,extremo(n3+p0.5+PBI),r106_21,2,3034946488,3,0.5,pbi,5.0,300000,300090,105,105,59,59,4,29.0,2469.589137420009,96.79916610614923,0.0,658.947,2026-04-11T06:14:36,
C12,extremo(n3+p0.5+PBI),r106_21,3,2256669750,3,0.5,pbi,5.0,300000,300090,105,105,64,64,3,31.0,2530.4849603265397,140.33149193528678,0.0,682.302,2026-04-11T06:15:19,
C12,extremo(n3+p0.5+PBI),r106_21,4,2727120908,3,0.5,pbi,5.0,300000,300090,105,105,65,65,4,29.0,2448.6328979161653,144.86304583311198,0.0,666.265,2026-04-11T06:15:24,
C12,extremo(n3+p0.5+PBI),r201_21,1,3801447596,3,0.5,pbi,5.0,300000,300090,105,105,64,64,3,13.0,2566.0180814044443,233.24914830023226,0.0,789.664,2026-04-11T06:18:19,
C12,extremo(n3+p0.5+PBI),r201_21,2,1956320525,3,0.5,pbi,5.0,300000,300090,105,105,62,62,1,12.0,2641.6771356124327,284.0430157912248,0.0,815.071,2026-04-11T06:18:59,
C12,extremo(n3+p0.5+PBI),r201_21,3,4140301481,3,0.5,pbi,5.0,300000,300090,105,105,60,60,1,15.0,2791.1059756874547,16.492855684535925,0.0,617.494,2026-04-11T06:22:02,
C12,extremo(n3+p0.5+PBI),r201_21,4,1122470666,3,0.5,pbi,5.0,300000,300090,105,105,61,61,2,11.0,2436.7306273388585,430.54875408435163,0.0,674.386,2026-04-11T06:23:34,
