algorithm,generation,n_eval,n_feasible,best_f1,best_f2,best_f3,mean_f1_feas,mean_f2_feas,mean_f3_feas,min_cv_pop
NSGA-II,1,100,1,86.0000,5336.2963,1174.5529,86.0000,5336.2963,1174.5529,0.000000
NSGA-II,2,200,3,86.0000,5336.2963,1174.5529,88.0000,5467.3459,1185.2828,0.000000
NSGA-II,3,300,7,86.0000,5336.2963,1174.5529,87.5714,5439.4214,1189.7849,0.000000
NSGA-II,4,400,11,86.0000,5336.2963,1174.5529,87.4545,5457.4771,1193.6445,0.000000
NSGA-II,5,500,21,83.0000,5216.5615,1174.5529,87.4762,5480.9621,1194.2024,0.000000
NSGA-II,6,600,28,83.0000,5216.5615,1174.5529,87.4286,5487.5704,1192.7389,0.000000
NSGA-II,7,700,39,83.0000,5216.5615,1174.5529,87.2564,5483.5367,1193.5151,0.000000
NSGA-II,8,800,51,82.0000,5216.5615,1174.5529,87.0588,5480.3223,1193.7965,0.000000
NSGA-II,9,900,63,82.0000,5216.5615,1174.5529,86.9206,5479.4316,1194.1084,0.000000
NSGA-II,10,1000,78,82.0000,5216.5615,1174.5529,86.7821,5476.7785,1193.6768,0.000000
NSGA-II,11,1100,86,81.0000,5216.5615,1174.5529,86.3140,5461.0490,1193.8607,0.000000
NSGA-II,12,1200,85,81.0000,5216.5615,1174.5529,85.8000,5438.5816,1194.4772,0.000000
NSGA-II,13,1300,86,81.0000,5216.5615,1174.5529,85.5349,5428.8006,1193.2352,0.000000
NSGA-II,14,1400,85,81.0000,5216.5615,1174.5529,85.3059,5420.7637,1193.2156,0.000000
NSGA-II,15,1500,88,79.0000,5216.5615,1174.5529,84.8523,5410.3727,1191.7739,0.000000
NSGA-II,16,1600,87,79.0000,5216.5615,1174.5529,84.2414,5392.2029,1192.1210,0.000000
NSGA-II,17,1700,87,78.0000,5216.5615,1174.5529,83.9770,5385.4704,1191.0205,0.000000
NSGA-II,18,1800,87,78.0000,5216.5615,1174.5529,83.5402,5371.5763,1190.1578,0.000000
NSGA-II,19,1900,83,78.0000,5202.4415,1174.5529,83.1687,5360.3671,1190.1074,0.000000
NSGA-II,20,2000,86,76.0000,5153.4396,1174.5529,82.4535,5345.4147,1190.3499,0.000000
NSGA-II,21,2100,90,76.0000,5153.4396,1174.5529,82.1556,5340.7635,1190.0701,0.000000
NSGA-II,22,2200,92,76.0000,5153.4396,1174.5529,81.8261,5331.4556,1189.1390,0.000000
NSGA-II,23,2300,92,75.0000,5153.4396,1174.5529,81.5870,5321.7596,1188.6033,0.000000
NSGA-II,24,2400,92,75.0000,5153.4396,1174.5529,81.0543,5308.1939,1188.1872,0.000000
NSGA-II,25,2500,91,75.0000,5077.2412,1174.5529,80.4835,5287.5038,1188.9106,0.000000
NSGA-II,26,2600,93,75.0000,5077.2412,1174.5529,80.0538,5264.0615,1187.1463,0.000000
NSGA-II,27,2700,92,75.0000,5077.2412,1174.5529,79.6087,5251.5528,1186.7405,0.000000
NSGA-II,28,2800,90,75.0000,5077.2412,1174.5529,79.2778,5241.9826,1185.8807,0.000000
NSGA-II,29,2900,90,75.0000,5077.2412,1174.5529,78.9333,5229.8956,1185.9373,0.000000
NSGA-II,30,3000,90,75.0000,4994.7882,1174.5529,78.7778,5217.2268,1185.2828,0.000000
NSGA-II,31,3100,90,75.0000,4994.7882,1174.5529,78.4667,5215.0034,1184.2031,0.000000
NSGA-II,32,3200,91,75.0000,4994.7882,1174.5529,78.3516,5209.0968,1184.4454,0.000000
NSGA-II,33,3300,88,75.0000,4994.7882,1174.5529,77.9773,5191.0267,1183.4699,0.000000
NSGA-II,34,3400,84,73.0000,4994.7882,1174.5529,77.7976,5179.9504,1182.8107,0.000000
NSGA-II,35,3500,84,72.0000,4914.1903,1174.5529,77.5476,5167.9277,1182.7955,0.000000
NSGA-II,36,3600,83,72.0000,4914.1903,1174.5529,77.2169,5163.6453,1182.6509,0.000000
NSGA-II,37,3700,82,72.0000,4914.1903,1174.5529,76.9756,5160.1726,1181.7027,0.000000
NSGA-II,38,3800,80,72.0000,4914.1903,1174.5529,76.8125,5153.7546,1181.3530,0.000000
NSGA-II,39,3900,82,72.0000,4914.1903,1174.5529,76.7927,5142.0510,1180.8581,0.000000
NSGA-II,40,4000,83,72.0000,4875.1123,1174.5529,76.5904,5128.6315,1180.4257,0.000000
NSGA-II,41,4100,84,72.0000,4818.4332,1174.5529,76.5119,5115.1616,1179.9662,0.000000
NSGA-II,42,4200,84,71.0000,4757.6546,1174.5529,75.9643,5078.7496,1179.9746,0.000000
NSGA-II,43,4300,81,71.0000,4757.6546,1174.5529,75.5926,5056.1481,1180.1535,0.000000
NSGA-II,44,4400,80,71.0000,4757.6546,1174.5529,75.2375,5038.8805,1179.1060,0.000000
NSGA-II,45,4500,79,69.0000,4725.2626,1174.5529,74.3671,5017.9157,1177.7336,0.000000
NSGA-II,46,4600,82,69.0000,4725.2626,1174.5529,74.2195,5018.5871,1177.4956,0.000000
NSGA-II,47,4700,84,69.0000,4725.2626,1174.5529,73.7619,4997.8942,1177.7328,0.000000
NSGA-II,48,4800,84,69.0000,4725.2626,1174.5529,73.2143,4976.3472,1176.1546,0.000000
NSGA-II,49,4900,85,69.0000,4725.2626,1174.5529,72.8235,4967.0629,1176.3913,0.000000
NSGA-II,50,5000,84,65.0000,4725.2626,1174.5529,72.6071,4959.6954,1176.5866,0.000000
NSGA-II,51,5100,86,65.0000,4725.2626,1174.5529,72.5116,4949.0845,1176.6638,0.000000
NSGA-II,52,5200,86,65.0000,4725.2626,1174.5529,72.2093,4947.5253,1177.1718,0.000000
NSGA-II,53,5300,85,65.0000,4725.2626,1174.5529,72.0353,4931.1367,1177.3583,0.000000
NSGA-II,54,5400,88,65.0000,4712.9092,1174.5529,71.6477,4922.2274,1177.2205,0.000000
NSGA-II,55,5500,90,65.0000,4686.9894,1174.5529,71.4444,4911.6827,1177.8356,0.000000
NSGA-II,56,5600,90,65.0000,4686.9894,1174.5529,71.1333,4908.3938,1177.7057,0.000000
NSGA-II,57,5700,86,65.0000,4686.9894,1174.5529,71.0116,4894.3524,1178.3782,0.000000
NSGA-II,58,5800,86,65.0000,4686.9894,1174.5529,70.8488,4890.5427,1178.2198,0.000000
NSGA-II,59,5900,83,65.0000,4686.9894,1174.5529,70.6627,4885.3058,1178.6295,0.000000
NSGA-II,60,6000,84,65.0000,4686.9894,1174.5529,70.1429,4879.4561,1179.0316,0.000000
NSGA-II,61,6100,87,65.0000,4686.9894,1174.5529,70.0115,4879.8007,1179.8810,0.000000
NSGA-II,62,6200,89,65.0000,4686.9894,1174.5529,69.7303,4879.1739,1181.1057,0.000000
NSGA-II,63,6300,90,65.0000,4686.9894,1174.5529,69.4222,4879.0032,1180.6461,0.000000
NSGA-II,64,6400,92,65.0000,4686.9894,1174.5529,69.1304,4884.7426,1181.8316,0.000000
NSGA-II,65,6500,93,65.0000,4686.9894,1174.5529,68.8387,4883.9661,1182.4844,0.000000
NSGA-II,66,6600,92,65.0000,4686.9894,1174.5529,68.7609,4882.6877,1182.2740,0.000000
NSGA-II,67,6700,88,65.0000,4686.9894,1174.5529,68.5568,4880.0262,1183.1751,0.000000
NSGA-II,68,6800,83,64.0000,4686.9894,1174.5529,68.1807,4878.5186,1184.5774,0.000000
NSGA-II,69,6900,87,64.0000,4686.9894,1174.5529,68.0575,4876.0590,1184.1902,0.000000
NSGA-II,70,7000,82,64.0000,4686.9894,1174.5529,67.8415,4863.6159,1184.3352,0.000000
NSGA-II,71,7100,82,64.0000,4686.9894,1174.5529,67.6829,4855.9465,1185.2293,0.000000
NSGA-II,72,7200,81,63.0000,4686.9894,1174.5529,67.5432,4852.3542,1184.6385,0.000000
NSGA-II,73,7300,81,63.0000,4686.9894,1174.5529,67.5062,4850.6937,1183.9194,0.000000
NSGA-II,74,7400,82,63.0000,4686.9894,1174.5529,67.4634,4843.5331,1183.1470,0.000000
NSGA-II,75,7500,81,63.0000,4686.9894,1174.5529,67.3210,4840.1633,1183.1535,0.000000
NSGA-II,76,7600,79,63.0000,4686.9894,1174.5529,67.1646,4836.8371,1182.2544,0.000000
NSGA-II,77,7700,79,63.0000,4686.9894,1174.5529,67.0886,4828.7208,1182.3680,0.000000
NSGA-II,78,7800,75,63.0000,4686.9894,1174.5529,66.9200,4826.2482,1182.5906,0.000000
NSGA-II,79,7900,74,63.0000,4686.9894,1174.5529,66.7568,4824.8863,1183.1424,0.000000
NSGA-II,80,8000,72,62.0000,4653.4549,1174.5529,66.4444,4823.0298,1185.5703,0.000000
NSGA-II,81,8100,71,62.0000,4653.4549,1174.5529,66.2676,4822.6628,1185.8014,0.000000
NSGA-II,82,8200,69,62.0000,4653.4549,1174.5529,66.1594,4826.0516,1186.7685,0.000000
NSGA-II,83,8300,69,62.0000,4653.4549,1174.5529,66.0725,4815.6889,1185.2753,0.000000
NSGA-II,84,8400,63,62.0000,4653.4549,1174.5529,66.0317,4805.8740,1184.0075,0.000000
NSGA-II,85,8500,61,61.0000,4653.4549,1174.5529,65.8525,4802.3297,1183.5931,0.000000
NSGA-II,86,8600,58,58.0000,4653.4549,1174.5529,65.7241,4791.8296,1182.8758,0.000000
NSGA-II,87,8700,58,58.0000,4653.4549,1174.5529,65.4483,4787.3015,1182.7038,0.000000
NSGA-II,88,8800,55,58.0000,4653.4549,1174.5529,65.2727,4786.1961,1181.0635,0.000000
NSGA-II,89,8900,52,58.0000,4653.4549,1174.5529,65.0577,4780.8676,1181.1599,0.000000
NSGA-II,90,9000,50,57.0000,4462.8540,1174.5529,64.6800,4776.0967,1181.5473,0.000000
NSGA-II,91,9100,50,57.0000,4462.8540,1174.5529,64.7400,4769.0652,1180.0488,0.000000
NSGA-II,92,9200,52,57.0000,4462.8540,1174.5529,64.6538,4765.9993,1180.3611,0.000000
NSGA-II,93,9300,52,57.0000,4462.8540,1174.5529,64.5769,4755.4130,1180.0810,0.000000
NSGA-II,94,9400,53,57.0000,4462.8540,1174.5529,64.3208,4743.1267,1180.3853,0.000000
NSGA-II,95,9500,51,57.0000,4462.8540,1174.5529,64.0784,4742.3111,1179.9174,0.000000
NSGA-II,96,9600,51,57.0000,4462.8540,1174.5529,64.0196,4739.6417,1179.5076,0.000000
NSGA-II,97,9700,54,55.0000,4403.9472,1174.5529,63.7778,4731.8516,1180.2169,0.000000
NSGA-II,98,9800,55,55.0000,4403.9472,1174.5529,63.4364,4733.7463,1180.5225,0.000000
NSGA-II,99,9900,56,55.0000,4403.9472,1174.5529,62.9821,4729.5529,1181.0205,0.000000
NSGA-II,100,10000,59,55.0000,4403.9472,1174.5529,62.8305,4722.7481,1181.7055,0.000000
MOEA/D,1,105,0,,,,,,,0.137940
MOEA/D,2,210,0,,,,,,,0.052884
MOEA/D,3,315,0,,,,,,,0.052884
MOEA/D,4,420,65,82.0000,5245.9743,1174.5529,83.7692,5270.5543,1182.8454,0.000000
MOEA/D,5,525,101,82.0000,5216.8241,1174.5529,82.9109,5251.2208,1174.5529,0.000000
MOEA/D,6,630,105,81.0000,5194.8771,1174.5529,82.8000,5230.5410,1174.5529,0.000000
MOEA/D,7,735,105,81.0000,5191.0127,1174.5529,82.3905,5217.3897,1174.5529,0.000000
MOEA/D,8,840,105,79.0000,5010.1814,1174.5529,81.3810,5082.7336,1174.5529,0.000000
MOEA/D,9,945,104,79.0000,4947.5313,1174.5529,80.9808,5032.8690,1174.5529,0.000000
MOEA/D,10,1050,104,79.0000,4913.2820,1174.5529,80.8558,4976.9264,1174.5529,0.000000
MOEA/D,11,1155,104,78.0000,4913.2820,1174.5529,80.3173,4957.5040,1174.5529,0.000000
MOEA/D,12,1260,104,77.0000,4872.6021,1174.5529,79.5000,4928.7078,1174.5529,0.000000
MOEA/D,13,1365,105,77.0000,4831.5411,1174.5529,79.3048,4890.7109,1174.5529,0.000000
MOEA/D,14,1470,105,77.0000,4828.1153,1174.5529,79.1429,4860.7469,1174.5529,0.000000
MOEA/D,15,1575,105,76.0000,4729.3033,1174.5529,77.5524,4785.1122,1174.5529,0.000000
MOEA/D,16,1680,105,75.0000,4723.4606,1174.5529,77.1619,4774.5411,1174.5529,0.000000
MOEA/D,17,1785,105,73.0000,4690.7757,1174.5529,75.8381,4735.3144,1174.5529,0.000000
MOEA/D,18,1890,105,74.0000,4690.7757,1174.5529,75.2286,4721.5521,1174.5529,0.000000
MOEA/D,19,1995,105,72.0000,4647.5604,1174.5529,73.1810,4673.0253,1174.5529,0.000000
MOEA/D,20,2100,105,72.0000,4644.6048,1174.5529,72.9048,4662.5554,1174.5529,0.000000
MOEA/D,21,2205,105,71.0000,4615.2112,1174.5529,72.2381,4639.4857,1174.5529,0.000000
MOEA/D,22,2310,105,70.0000,4533.1873,1174.5529,72.1524,4618.5467,1174.5529,0.000000
MOEA/D,23,2415,105,70.0000,4533.1873,1174.5529,72.0762,4610.5626,1174.5529,0.000000
MOEA/D,24,2520,105,70.0000,4533.1873,1174.5529,71.8571,4580.4684,1174.5529,0.000000
MOEA/D,25,2625,105,70.0000,4497.9041,1174.5529,71.3524,4570.8133,1174.5529,0.000000
MOEA/D,26,2730,105,70.0000,4497.9041,1174.5529,71.6095,4546.8350,1174.5529,0.000000
MOEA/D,27,2835,105,69.0000,4488.3679,1174.5529,70.9143,4529.7390,1174.5529,0.000000
MOEA/D,28,2940,105,69.0000,4454.7375,1174.5529,70.1238,4494.7578,1174.5529,0.000000
MOEA/D,29,3045,105,69.0000,4454.7375,1174.5529,69.8667,4489.9181,1174.5529,0.000000
MOEA/D,30,3150,105,69.0000,4454.7375,1174.5529,69.8476,4482.2615,1174.5529,0.000000
MOEA/D,31,3255,105,66.0000,4406.7904,1174.5529,67.5714,4437.6671,1174.5529,0.000000
MOEA/D,32,3360,105,66.0000,4391.7929,1174.5529,66.8286,4420.0429,1174.5529,0.000000
MOEA/D,33,3465,105,66.0000,4391.7929,1174.5529,66.4571,4414.5376,1174.5529,0.000000
MOEA/D,34,3570,105,66.0000,4387.9274,1174.5529,66.3333,4408.3738,1174.5529,0.000000
MOEA/D,35,3675,105,65.0000,4387.9274,1174.5529,66.2476,4406.8250,1174.5529,0.000000
MOEA/D,36,3780,105,65.0000,4381.6809,1174.5529,66.0190,4401.6877,1174.5529,0.000000
MOEA/D,37,3885,105,65.0000,4381.6809,1174.5529,65.9905,4401.4431,1174.5529,0.000000
MOEA/D,38,3990,105,65.0000,4381.6809,1174.5529,66.0000,4401.3313,1174.5529,0.000000
MOEA/D,39,4095,105,65.0000,4361.7259,1174.5529,65.6571,4389.9144,1174.5529,0.000000
MOEA/D,40,4200,105,65.0000,4335.4455,1174.5529,65.5619,4376.5587,1174.5529,0.000000
MOEA/D,41,4305,105,65.0000,4335.4455,1174.5529,65.1619,4368.3301,1174.5529,0.000000
MOEA/D,42,4410,105,65.0000,4321.5783,1174.5529,65.1238,4360.9692,1174.5529,0.000000
MOEA/D,43,4515,105,65.0000,4321.5783,1174.5529,65.1238,4360.4138,1174.5529,0.000000
MOEA/D,44,4620,105,65.0000,4321.5783,1174.5529,65.1810,4350.9913,1174.5529,0.000000
MOEA/D,45,4725,105,65.0000,4315.2512,1174.5529,65.0762,4343.8027,1174.5529,0.000000
MOEA/D,46,4830,105,65.0000,4315.2512,1174.5529,65.1429,4340.9287,1174.5529,0.000000
MOEA/D,47,4935,105,65.0000,4315.2512,1174.5529,65.1238,4338.4446,1174.5529,0.000000
MOEA/D,48,5040,105,64.0000,4315.2512,1174.5529,65.0762,4337.3895,1174.5529,0.000000
MOEA/D,49,5145,105,64.0000,4315.2512,1174.5529,65.0476,4330.9479,1174.5529,0.000000
MOEA/D,50,5250,105,64.0000,4287.4912,1174.5529,64.8476,4324.4908,1174.5529,0.000000
MOEA/D,51,5355,105,64.0000,4287.4912,1174.5529,64.8381,4323.3096,1174.5529,0.000000
MOEA/D,52,5460,105,63.0000,4287.4912,1174.5529,64.4762,4319.8350,1174.5529,0.000000
MOEA/D,53,5565,105,63.0000,4287.4912,1174.5529,64.4762,4319.8350,1174.5529,0.000000
MOEA/D,54,5670,105,63.0000,4287.4912,1174.5529,64.4762,4319.8350,1174.5529,0.000000
MOEA/D,55,5775,105,63.0000,4276.4116,1174.5529,64.7714,4310.0384,1174.5529,0.000000
MOEA/D,56,5880,105,63.0000,4276.4116,1174.5529,64.4571,4300.7015,1174.5529,0.000000
MOEA/D,57,5985,105,63.0000,4272.5836,1174.5529,64.7048,4291.5705,1174.5529,0.000000
MOEA/D,58,6090,105,63.0000,4233.3493,1174.5529,64.6857,4275.4978,1174.5529,0.000000
MOEA/D,59,6195,105,63.0000,4233.3493,1174.5529,64.3429,4270.6568,1174.5529,0.000000
MOEA/D,60,6300,105,63.0000,4216.5451,1174.5529,64.4952,4259.0482,1174.5529,0.000000
MOEA/D,61,6405,105,63.0000,4216.5451,1174.5529,64.5905,4249.6995,1174.5529,0.000000
MOEA/D,62,6510,105,63.0000,4216.5451,1174.5529,65.3048,4246.0053,1174.5529,0.000000
MOEA/D,63,6615,105,63.0000,4201.8564,1174.5529,65.0000,4235.0343,1174.5529,0.000000
MOEA/D,64,6720,105,63.0000,4196.2821,1174.5529,65.5238,4229.1079,1174.5529,0.000000
MOEA/D,65,6825,105,63.0000,4196.2821,1174.5529,65.6190,4223.3806,1174.5529,0.000000
MOEA/D,66,6930,105,63.0000,4196.2821,1174.5529,65.6000,4222.9240,1174.5529,0.000000
MOEA/D,67,7035,105,63.0000,4196.2821,1174.5529,65.7238,4219.5592,1174.5529,0.000000
MOEA/D,68,7140,105,63.0000,4196.2821,1174.5529,65.6857,4218.9976,1174.5529,0.000000
MOEA/D,69,7245,105,63.0000,4196.2821,1174.5529,65.6857,4218.9976,1174.5529,0.000000
MOEA/D,70,7350,105,63.0000,4196.1295,1174.5529,65.3810,4212.2304,1174.5529,0.000000
MOEA/D,71,7455,105,63.0000,4196.1295,1174.5529,65.3810,4212.2304,1174.5529,0.000000
MOEA/D,72,7560,105,65.0000,4196.1295,1174.5529,65.4286,4212.0524,1174.5529,0.000000
MOEA/D,73,7665,105,65.0000,4196.1295,1174.5529,65.4286,4212.0524,1174.5529,0.000000
MOEA/D,74,7770,105,65.0000,4196.1295,1174.5529,65.3619,4211.1105,1174.5529,0.000000
MOEA/D,75,7875,105,65.0000,4196.1295,1174.5529,65.3619,4210.8768,1174.5529,0.000000
MOEA/D,76,7980,105,64.0000,4188.7272,1174.5529,65.1810,4207.2157,1174.5529,0.000000
MOEA/D,77,8085,105,64.0000,4164.6388,1174.5529,65.0000,4200.3904,1174.5529,0.000000
MOEA/D,78,8190,105,64.0000,4164.6388,1174.5529,64.8857,4194.5355,1174.5529,0.000000
MOEA/D,79,8295,105,64.0000,4164.6388,1174.5529,64.6952,4190.0914,1174.5529,0.000000
MOEA/D,80,8400,105,64.0000,4164.6388,1174.5529,64.6857,4189.1502,1174.5529,0.000000
MOEA/D,81,8505,105,64.0000,4164.6388,1174.5529,64.6095,4187.7990,1174.5529,0.000000
MOEA/D,82,8610,105,64.0000,4164.6388,1174.5529,64.5714,4185.4601,1174.5529,0.000000
MOEA/D,83,8715,105,64.0000,4164.6388,1174.5529,64.5524,4184.5732,1174.5529,0.000000
MOEA/D,84,8820,105,64.0000,4164.6388,1174.5529,64.5714,4184.4345,1174.5529,0.000000
MOEA/D,85,8925,105,64.0000,4158.8821,1174.5529,64.4952,4178.1310,1174.5529,0.000000
MOEA/D,86,9030,105,64.0000,4158.8821,1174.5529,64.4952,4178.1310,1174.5529,0.000000
MOEA/D,87,9135,105,64.0000,4158.8821,1174.5529,64.6190,4176.2414,1174.5529,0.000000
MOEA/D,88,9240,105,64.0000,4158.8821,1174.5529,64.5714,4175.0102,1174.5529,0.000000
MOEA/D,89,9345,105,64.0000,4153.1699,1174.5529,64.3810,4169.2769,1174.5529,0.000000
MOEA/D,90,9450,105,63.0000,4139.0391,1174.5529,64.1333,4163.1341,1174.5529,0.000000
MOEA/D,91,9555,105,63.0000,4139.0391,1174.5529,63.9333,4156.8008,1174.5529,0.000000
MOEA/D,92,9660,105,63.0000,4139.0391,1174.5529,63.9333,4156.8008,1174.5529,0.000000
MOEA/D,93,9765,105,63.0000,4139.0391,1174.5529,63.9333,4156.8008,1174.5529,0.000000
MOEA/D,94,9870,105,63.0000,4139.0391,1174.5529,63.8952,4154.9627,1174.5529,0.000000
MOEA/D,95,9975,105,63.0000,4139.0391,1174.5529,63.7714,4153.6296,1174.5529,0.000000
MOEA/D,96,10080,105,63.0000,4129.1611,1174.5529,63.6190,4147.6218,1174.5529,0.000000
MOEA/D,97,10185,105,63.0000,4129.1611,1174.5529,63.6571,4144.6256,1174.5529,0.000000
MOEA/D,98,10290,105,63.0000,4129.1611,1174.5529,63.6952,4143.6500,1174.5529,0.000000
MOEA/D,99,10395,105,63.0000,4121.0126,1174.5529,63.6286,4138.9393,1174.5529,0.000000
MOEA/D,100,10500,105,62.0000,4111.9452,1174.5529,63.4095,4133.1624,1174.5529,0.000000
SMS-EMOA,1,100,1,85.0000,5342.0094,1174.5529,85.0000,5342.0094,1174.5529,0.000000
SMS-EMOA,2,200,6,85.0000,5342.0094,1174.5529,89.3333,5490.4366,1191.8863,0.000000
SMS-EMOA,3,300,11,83.0000,5305.3034,1174.5529,88.4545,5491.8656,1199.0924,0.000000
SMS-EMOA,4,400,18,83.0000,5305.3034,1174.5529,89.0556,5512.7754,1194.5006,0.000000
SMS-EMOA,5,500,33,82.0000,5305.3034,1174.5529,88.7576,5504.6707,1195.0885,0.000000
SMS-EMOA,6,600,49,82.0000,5305.3034,1174.5529,88.6735,5508.0414,1194.0772,0.000000
SMS-EMOA,7,700,65,82.0000,5305.3034,1174.5529,88.6462,5515.8956,1194.3992,0.000000
SMS-EMOA,8,800,81,82.0000,5260.1386,1174.5529,87.9259,5492.9811,1194.1757,0.000000
SMS-EMOA,9,900,83,82.0000,5245.5277,1174.5529,87.0361,5463.5744,1195.9412,0.000000
SMS-EMOA,10,1000,80,82.0000,5245.5277,1174.5529,86.1500,5430.0983,1198.3718,0.000000
SMS-EMOA,11,1100,86,81.0000,5245.5277,1174.5529,85.8372,5419.9251,1197.4636,0.000000
SMS-EMOA,12,1200,89,80.0000,5211.0684,1174.5529,85.0337,5390.2676,1199.8126,0.000000
SMS-EMOA,13,1300,90,80.0000,5211.0684,1174.5529,84.6222,5371.0247,1196.7600,0.000000
SMS-EMOA,14,1400,87,78.0000,5191.2317,1174.5529,83.9310,5352.2276,1196.2212,0.000000
SMS-EMOA,15,1500,88,78.0000,5104.2251,1174.5529,83.2955,5335.7653,1198.8797,0.000000
SMS-EMOA,16,1600,91,78.0000,5104.2251,1174.5529,82.8462,5320.3520,1196.6361,0.000000
SMS-EMOA,17,1700,94,78.0000,5104.2251,1174.5529,82.6064,5308.2379,1196.2877,0.000000
SMS-EMOA,18,1800,97,77.0000,5104.2251,1174.5529,82.3505,5299.9369,1195.4987,0.000000
SMS-EMOA,19,1900,96,77.0000,5104.2251,1174.5529,82.0000,5287.3498,1195.0302,0.000000
SMS-EMOA,20,2000,96,77.0000,5104.2251,1174.5529,81.6562,5274.5668,1195.4103,0.000000
SMS-EMOA,21,2100,96,77.0000,5034.6239,1174.5529,81.2396,5258.3351,1195.8272,0.000000
SMS-EMOA,22,2200,93,76.0000,5034.6239,1174.5529,80.7849,5247.5928,1197.5037,0.000000
SMS-EMOA,23,2300,96,76.0000,5034.6239,1174.5529,80.5729,5236.3059,1196.6992,0.000000
SMS-EMOA,24,2400,95,75.0000,5034.6239,1174.5529,80.4000,5228.6172,1197.6142,0.000000
SMS-EMOA,25,2500,93,75.0000,5034.6239,1174.5529,80.2366,5219.8590,1195.5067,0.000000
SMS-EMOA,26,2600,92,75.0000,4995.3377,1174.5529,79.9891,5208.9965,1196.1732,0.000000
SMS-EMOA,27,2700,90,75.0000,4957.5304,1174.5529,79.7333,5196.1828,1193.9548,0.000000
SMS-EMOA,28,2800,91,74.0000,4957.5304,1174.5529,79.3736,5187.4240,1193.1117,0.000000
SMS-EMOA,29,2900,91,74.0000,4955.0176,1174.5529,79.0220,5174.6673,1192.4876,0.000000
SMS-EMOA,30,3000,90,74.0000,4955.0176,1174.5529,78.8333,5165.1313,1191.8502,0.000000
SMS-EMOA,31,3100,89,74.0000,4955.0176,1174.5529,78.4494,5156.3224,1191.7391,0.000000
SMS-EMOA,32,3200,88,72.0000,4955.0176,1174.5529,77.8977,5141.2516,1191.3090,0.000000
SMS-EMOA,33,3300,86,72.0000,4904.1150,1174.5529,77.4302,5120.4692,1189.2450,0.000000
SMS-EMOA,34,3400,85,72.0000,4904.1150,1174.5529,77.1412,5115.3846,1188.1822,0.000000
SMS-EMOA,35,3500,88,72.0000,4904.1150,1174.5529,76.9318,5112.2561,1188.3407,0.000000
SMS-EMOA,36,3600,87,67.0000,4904.1150,1174.5529,76.6322,5098.3901,1187.1231,0.000000
SMS-EMOA,37,3700,89,67.0000,4872.9174,1174.5529,76.4719,5095.6592,1187.4095,0.000000
SMS-EMOA,38,3800,90,67.0000,4872.9174,1174.5529,76.3556,5091.6787,1186.9447,0.000000
SMS-EMOA,39,3900,93,67.0000,4872.9174,1174.5529,75.9677,5083.5176,1186.8345,0.000000
SMS-EMOA,40,4000,93,67.0000,4872.9174,1174.5529,75.7849,5072.5514,1188.0670,0.000000
SMS-EMOA,41,4100,90,67.0000,4872.9174,1174.5529,75.6111,5065.2629,1187.6238,0.000000
SMS-EMOA,42,4200,88,67.0000,4872.9174,1174.5529,75.3864,5063.4558,1188.7398,0.000000
SMS-EMOA,43,4300,86,67.0000,4872.9174,1174.5529,75.0930,5053.6327,1187.8579,0.000000
SMS-EMOA,44,4400,84,67.0000,4872.9174,1174.5529,74.9524,5052.3918,1188.1746,0.000000
SMS-EMOA,45,4500,84,67.0000,4872.9174,1174.5529,74.8690,5051.5343,1188.3460,0.000000
SMS-EMOA,46,4600,85,66.0000,4872.9174,1174.5529,74.6353,5047.7880,1188.2248,0.000000
SMS-EMOA,47,4700,82,66.0000,4872.9174,1174.5529,74.5610,5041.2760,1187.0978,0.000000
SMS-EMOA,48,4800,78,66.0000,4831.2299,1174.5529,74.2564,5028.4801,1188.7027,0.000000
SMS-EMOA,49,4900,76,66.0000,4815.0808,1174.5529,73.8026,5021.4170,1190.0214,0.000000
SMS-EMOA,50,5000,78,66.0000,4815.0808,1174.5529,73.5000,5017.9856,1191.8715,0.000000
SMS-EMOA,51,5100,81,66.0000,4815.0808,1174.5529,73.1975,5008.5385,1191.5648,0.000000
SMS-EMOA,52,5200,84,66.0000,4815.0808,1174.5529,72.9881,5004.1983,1192.7301,0.000000
SMS-EMOA,53,5300,86,66.0000,4815.0808,1174.5529,72.8488,5001.4503,1193.0840,0.000000
SMS-EMOA,54,5400,85,66.0000,4815.0808,1174.5529,72.8118,4998.4193,1192.6962,0.000000
SMS-EMOA,55,5500,90,66.0000,4785.8300,1174.5529,72.5000,4988.2329,1193.1532,0.000000
SMS-EMOA,56,5600,90,66.0000,4785.8300,1174.5529,72.3111,4976.0838,1192.9194,0.000000
SMS-EMOA,57,5700,86,66.0000,4785.8300,1174.5529,72.1860,4968.2014,1192.1743,0.000000
SMS-EMOA,58,5800,86,66.0000,4785.8300,1174.5529,71.9302,4963.6236,1193.2141,0.000000
SMS-EMOA,59,5900,86,66.0000,4785.8300,1174.5529,71.8953,4953.0434,1193.2798,0.000000
SMS-EMOA,60,6000,86,66.0000,4785.8300,1174.5529,71.6047,4949.8758,1193.5720,0.000000
SMS-EMOA,61,6100,87,66.0000,4707.5745,1174.5529,71.4023,4944.1650,1195.9614,0.000000
SMS-EMOA,62,6200,92,66.0000,4707.5745,1174.5529,71.2391,4948.2937,1196.0362,0.000000
SMS-EMOA,63,6300,92,66.0000,4707.5745,1174.5529,71.0435,4940.5917,1195.0551,0.000000
SMS-EMOA,64,6400,95,66.0000,4707.5745,1174.5529,70.8737,4935.7088,1194.4855,0.000000
SMS-EMOA,65,6500,97,66.0000,4707.5745,1174.5529,70.8557,4931.8381,1192.9597,0.000000
SMS-EMOA,66,6600,96,66.0000,4707.5745,1174.5529,70.7083,4928.2279,1192.8162,0.000000
SMS-EMOA,67,6700,95,66.0000,4707.5745,1174.5529,70.6211,4925.4121,1192.8361,0.000000
SMS-EMOA,68,6800,95,66.0000,4707.5745,1174.5529,70.5474,4925.1461,1193.5968,0.000000
SMS-EMOA,69,6900,93,66.0000,4707.5745,1174.5529,70.3441,4919.4320,1193.4865,0.000000
SMS-EMOA,70,7000,93,66.0000,4707.5745,1174.5529,70.3441,4917.3806,1193.7557,0.000000
SMS-EMOA,71,7100,90,66.0000,4707.5745,1174.5529,70.1444,4915.3730,1193.6411,0.000000
SMS-EMOA,72,7200,90,66.0000,4707.5745,1174.5529,70.0778,4913.2758,1193.4803,0.000000
SMS-EMOA,73,7300,93,66.0000,4707.5745,1174.5529,69.9677,4914.2069,1193.5100,0.000000
SMS-EMOA,74,7400,94,66.0000,4707.5745,1174.5529,69.8298,4912.0360,1193.7476,0.000000
SMS-EMOA,75,7500,93,66.0000,4707.5745,1174.5529,69.7419,4903.2397,1192.1409,0.000000
SMS-EMOA,76,7600,93,66.0000,4707.5745,1174.5529,69.7527,4899.3488,1191.6057,0.000000
SMS-EMOA,77,7700,92,65.0000,4707.5745,1174.5529,69.5435,4898.2128,1193.5412,0.000000
SMS-EMOA,78,7800,91,65.0000,4707.5745,1174.5529,69.3846,4897.6315,1193.9528,0.000000
SMS-EMOA,79,7900,91,65.0000,4707.5745,1174.5529,69.3736,4897.2675,1193.7074,0.000000
SMS-EMOA,80,8000,91,65.0000,4702.1314,1174.5529,69.2527,4896.2619,1193.3714,0.000000
SMS-EMOA,81,8100,91,65.0000,4702.1314,1174.5529,69.2308,4895.3157,1193.4527,0.000000
SMS-EMOA,82,8200,92,64.0000,4702.1314,1174.5529,69.1304,4892.7179,1192.8934,0.000000
SMS-EMOA,83,8300,91,64.0000,4702.1314,1174.5529,69.0879,4889.3966,1193.3257,0.000000
SMS-EMOA,84,8400,90,64.0000,4670.4445,1174.5529,68.8333,4882.3353,1194.5266,0.000000
SMS-EMOA,85,8500,89,64.0000,4670.4445,1174.5529,68.6742,4881.7214,1192.7947,0.000000
SMS-EMOA,86,8600,88,64.0000,4670.4445,1174.5529,68.5795,4879.2369,1192.9456,0.000000
SMS-EMOA,87,8700,86,64.0000,4653.3899,1174.5529,68.4419,4870.8307,1194.4711,0.000000
SMS-EMOA,88,8800,85,64.0000,4653.3899,1174.5529,68.4118,4869.4590,1193.9908,0.000000
SMS-EMOA,89,8900,85,64.0000,4645.2705,1174.5529,68.2471,4867.3943,1194.0890,0.000000
SMS-EMOA,90,9000,85,64.0000,4645.2705,1174.5529,68.2353,4866.7480,1194.1760,0.000000
SMS-EMOA,91,9100,84,64.0000,4645.2705,1174.5529,68.1786,4864.0106,1194.3662,0.000000
SMS-EMOA,92,9200,84,64.0000,4645.2705,1174.5529,68.1429,4861.3331,1194.2427,0.000000
SMS-EMOA,93,9300,83,63.0000,4645.2705,1174.5529,67.8795,4861.9780,1192.5622,0.000000
SMS-EMOA,94,9400,82,63.0000,4645.2705,1174.5529,67.8171,4861.1963,1192.6916,0.000000
SMS-EMOA,95,9500,83,63.0000,4645.2705,1174.5529,67.6024,4854.0835,1193.8634,0.000000
SMS-EMOA,96,9600,82,62.0000,4645.2705,1174.5529,67.5244,4849.1637,1193.8841,0.000000
SMS-EMOA,97,9700,82,62.0000,4645.2705,1174.5529,67.4634,4847.0788,1194.3597,0.000000
SMS-EMOA,98,9800,82,62.0000,4645.2705,1174.5529,67.3537,4843.9751,1193.9011,0.000000
SMS-EMOA,99,9900,85,62.0000,4645.2705,1174.5529,67.0706,4844.3759,1195.3594,0.000000
SMS-EMOA,100,10000,85,62.0000,4645.2705,1174.5529,67.0353,4838.7475,1194.4265,0.000000
