n_workers,seed,elapsed_s,ms_per_eval,n_feasible,n_total
1,1,6.3119,1.2624,100,100
1,2,6.1345,1.2269,100,100
1,3,6.1504,1.2301,100,100
1,4,6.1736,1.2347,100,100
1,5,6.0699,1.214,100,100
1,6,6.2783,1.2557,100,100
1,7,6.193,1.2386,100,100
1,8,6.2117,1.2423,100,100
1,9,6.1764,1.2353,100,100
1,10,6.1597,1.2319,100,100
1,11,6.2559,1.2512,100,100
1,12,6.3398,1.268,100,100
1,13,6.1801,1.236,100,100
1,14,6.2582,1.2516,100,100
1,15,6.2502,1.25,100,100
1,16,6.1738,1.2348,100,100
1,17,6.1791,1.2358,100,100
1,18,6.1881,1.2376,100,100
1,19,6.156,1.2312,100,100
1,20,6.2953,1.2591,99,100
2,2,6.1101,1.222,100,100
2,1,6.2031,1.2406,100,100
2,4,6.191,1.2382,100,100
2,3,6.3088,1.2618,100,100
2,5,6.1804,1.2361,100,100
2,6,6.2413,1.2483,100,100
2,7,6.1973,1.2395,100,100
2,8,6.1612,1.2322,100,100
2,9,6.1791,1.2358,100,100
2,10,6.1432,1.2286,100,100
2,11,6.1714,1.2343,100,100
2,12,6.1636,1.2327,100,100
2,13,6.1473,1.2295,100,100
2,14,6.2039,1.2408,100,100
2,15,6.2477,1.2495,100,100
2,16,6.1883,1.2377,100,100
2,17,6.1812,1.2362,100,100
2,18,6.2591,1.2518,100,100
2,19,6.1424,1.2285,100,100
2,20,6.1813,1.2363,100,100
4,1,6.264,1.2528,100,100
4,2,6.326,1.2652,100,100
4,3,6.3909,1.2782,100,100
4,4,6.4021,1.2804,100,100
4,5,6.4744,1.2949,100,100
4,8,6.3664,1.2733,100,100
4,6,6.467,1.2934,100,100
4,7,6.5736,1.3147,100,100
4,10,6.7558,1.3512,100,100
4,9,6.8164,1.3633,100,100
4,11,7.0223,1.4045,100,100
4,12,6.9374,1.3875,100,100
4,13,6.8229,1.3646,100,100
4,14,6.9178,1.3836,100,100
4,16,6.8727,1.3745,100,100
4,15,7.0181,1.4036,100,100
4,17,6.87,1.374,100,100
4,18,6.9532,1.3906,100,100
4,19,6.8508,1.3702,100,100
4,20,6.831,1.3662,100,100
5,3,7.2794,1.4559,100,100
5,1,7.2989,1.4598,100,100
5,2,7.2972,1.4594,100,100
5,5,7.3295,1.4659,100,100
5,4,7.4476,1.4895,100,100
5,8,7.3259,1.4652,100,100
5,7,7.3291,1.4658,100,100
5,9,7.3921,1.4784,100,100
5,6,7.5512,1.5102,100,100
5,10,7.5422,1.5084,100,100
5,12,7.2525,1.4505,100,100
5,11,7.36,1.472,100,100
5,13,7.3572,1.4714,100,100
5,14,7.3074,1.4615,100,100
5,15,7.3593,1.4719,100,100
5,16,7.4022,1.4804,100,100
5,18,7.2989,1.4598,100,100
5,17,7.4755,1.4951,100,100
5,19,7.3282,1.4656,100,100
5,20,7.2548,1.451,98,100
6,5,7.6204,1.5241,100,100
6,4,7.6856,1.5371,100,100
6,3,7.7096,1.5419,100,100
6,2,7.7484,1.5497,100,100
6,6,7.8509,1.5702,100,100
6,1,7.8549,1.571,100,100
6,7,7.9143,1.5829,100,100
6,8,7.9024,1.5805,100,100
6,9,7.9044,1.5809,100,100
6,11,7.7764,1.5553,100,100
6,12,7.7989,1.5598,100,100
6,10,7.9698,1.594,100,100
6,14,7.7768,1.5554,100,100
6,13,7.8567,1.5713,100,100
6,17,7.8124,1.5625,100,100
6,16,7.8737,1.5747,100,100
6,18,7.8303,1.5661,100,100
6,15,7.9504,1.5901,100,100
6,19,6.193,1.2386,100,100
6,20,6.2974,1.2595,100,100
8,6,8.1875,1.6375,99,100
8,1,8.2405,1.6481,100,100
8,8,8.2621,1.6524,100,100
8,3,8.3528,1.6706,100,100
8,4,8.3844,1.6769,100,100
8,2,8.399,1.6798,100,100
8,5,8.4055,1.6811,100,100
8,7,8.4128,1.6826,100,100
8,9,8.3956,1.6791,100,100
8,11,8.5617,1.7123,100,100
8,10,8.5896,1.7179,100,100
8,13,8.5014,1.7003,99,100
8,14,8.5565,1.7113,100,100
8,15,8.6176,1.7235,100,100
8,16,8.6514,1.7303,100,100
8,12,8.7294,1.7459,100,100
8,17,6.9206,1.3841,100,100
8,18,6.8412,1.3682,100,100
8,19,6.9336,1.3867,100,100
8,20,6.9629,1.3926,100,100
10,10,9.1794,1.8359,99,100
10,6,9.1951,1.839,100,100
10,9,9.2311,1.8462,100,100
10,3,9.2475,1.8495,100,100
10,1,9.2502,1.85,100,100
10,4,9.2549,1.851,100,100
10,7,9.2884,1.8577,100,100
10,8,9.3046,1.8609,100,100
10,5,9.3807,1.8761,100,100
10,2,9.4455,1.8891,100,100
10,11,9.2948,1.859,100,100
10,13,9.2582,1.8516,100,100
10,15,9.2825,1.8565,100,100
10,16,9.3371,1.8674,100,100
10,12,9.4403,1.8881,100,100
10,19,9.2542,1.8508,100,100
10,18,9.3461,1.8692,100,100
10,14,9.4375,1.8875,100,100
10,17,9.4312,1.8862,100,100
10,20,9.334,1.8668,100,100
12,3,9.238,1.8476,100,100
12,9,9.258,1.8516,100,100
12,10,9.2595,1.8519,100,100
12,6,9.2668,1.8534,100,100
12,2,9.2856,1.8571,100,100
12,4,9.3693,1.8739,100,100
12,1,9.3975,1.8795,100,100
12,5,9.4148,1.883,100,100
12,16,9.1889,1.8378,100,100
12,15,9.3443,1.8689,100,100
12,17,9.3445,1.8689,100,100
12,13,9.4362,1.8872,100,100
12,18,9.3451,1.869,100,100
12,14,9.4953,1.8991,100,100
12,20,9.3689,1.8738,100,100
12,19,9.3928,1.8786,100,100
12,7,18.7038,3.7408,100,100
12,11,18.7916,3.7583,100,100
12,8,18.9054,3.7811,100,100
12,12,18.9629,3.7926,100,100
15,2,9.4102,1.882,100,100
15,10,9.4432,1.8886,100,100
15,7,9.4877,1.8975,100,100
15,1,9.6172,1.9234,99,100
15,9,9.7456,1.9491,100,100
15,16,9.5746,1.9149,100,100
15,17,9.5969,1.9194,100,100
15,19,9.5305,1.9061,100,100
15,18,9.6908,1.9382,100,100
15,8,19.03,3.806,100,100
15,5,19.2223,3.8445,100,100
15,15,19.0887,3.8177,100,100
15,20,9.4549,1.891,100,100
15,14,19.1543,3.8309,100,100
15,4,19.1841,3.8368,100,100
15,11,19.1838,3.8368,100,100
15,3,19.2397,3.8479,100,100
15,12,19.282,3.8564,100,100
15,6,19.3672,3.8734,100,100
15,13,19.4158,3.8832,100,100
20,18,19.5827,3.9165,100,100
20,14,19.6654,3.9331,100,100
20,7,19.735,3.947,100,100
20,9,19.7316,3.9463,100,100
20,8,19.8017,3.9603,100,100
20,3,19.8563,3.9713,100,100
20,11,19.8456,3.9691,100,100
20,6,19.8744,3.9749,100,100
20,10,19.9504,3.9901,100,100
20,19,19.9446,3.9889,100,100
20,4,20.0005,4.0001,100,100
20,13,19.9832,3.9966,100,100
20,1,20.0206,4.0041,100,100
20,16,19.9763,3.9953,100,100
20,12,19.9858,3.9972,100,100
20,2,20.0296,4.0059,100,100
20,5,20.0431,4.0086,100,100
20,17,20.0431,4.0086,100,100
20,15,20.0789,4.0158,100,100
20,20,20.0966,4.0193,100,100
